Country,Region 2015,Region 2016,Region 2017,Region 2018,Region 2019,Happiness_Rank 2015,Happiness_Rank 2016,Happiness_Rank 2017,Happiness_Rank 2018,Happiness_Rank 2019,Happiness_Score 2015,Happiness_Score 2016,Happiness_Score 2017,Happiness_Score 2018,Happiness_Score 2019,Standard_Error 2015,Standard_Error 2016,Standard_Error 2017,Standard_Error 2018,Standard_Error 2019,Economy_(GDP_per_Capita) 2015,Economy_(GDP_per_Capita) 2016,Economy_(GDP_per_Capita) 2017,Economy_(GDP_per_Capita) 2018,Economy_(GDP_per_Capita) 2019,Family 2015,Family 2016,Family 2017,Family 2018,Family 2019,Health_(Life_Expectancy) 2015,Health_(Life_Expectancy) 2016,Health_(Life_Expectancy) 2017,Health_(Life_Expectancy) 2018,Health_(Life_Expectancy) 2019,Freedom 2015,Freedom 2016,Freedom 2017,Freedom 2018,Freedom 2019,Trust_(Government_Corruption) 2015,Trust_(Government_Corruption) 2016,Trust_(Government_Corruption) 2017,Trust_(Government_Corruption) 2018,Trust_(Government_Corruption) 2019,Generosity 2015,Generosity 2016,Generosity 2017,Generosity 2018,Generosity 2019,Dystopia_Residual 2015,Dystopia_Residual 2016,Dystopia_Residual 2017,Dystopia_Residual 2018,Dystopia_Residual 2019,Lower_Confidence_Interval 2015,Lower_Confidence_Interval 2016,Lower_Confidence_Interval 2017,Lower_Confidence_Interval 2018,Lower_Confidence_Interval 2019,Upper_Confidence_Interval 2015,Upper_Confidence_Interval 2016,Upper_Confidence_Interval 2017,Upper_Confidence_Interval 2018,Upper_Confidence_Interval 2019,Whisker_high 2015,Whisker_high 2016,Whisker_high 2017,Whisker_high 2018,Whisker_high 2019,Whisker_low 2015,Whisker_low 2016,Whisker_low 2017,Whisker_low 2018,Whisker_low 2019,Overall_rank 2015,Overall_rank 2016,Overall_rank 2017,Overall_rank 2018,Overall_rank 2019
Afganistán,Southern Asia,Southern Asia,,,,153.0,154.0,141.0,,,3.575,3.36,3.79399991035461,3.632,3.203,0.03084,,,,,0.31982,0.38227,0.401477217674255,0.332,0.35,0.30285,0.11037,0.581543326377869,0.537,0.517,0.30335,0.17344,0.180746778845787,0.255,0.361,0.23414,0.1643,0.106179520487785,0.085,0.0,0.09719,0.07112,0.0611578300595284,0.036,0.025,0.3651,0.31268,0.311870932579041,0.191,0.158,1.9521,2.14558,2.15080118179321,,,,3.288,,,,,3.432,,,,,,3.87366141527891,,,,,3.71433840543032,,,,,,145.0,154.0
Albania,Central and Eastern Europe,Central and Eastern Europe,,,,95.0,109.0,109.0,,,4.959,4.655,4.64400005340576,4.586,4.719,0.05013,,,,,0.87867,0.9553,0.996192753314972,0.916,0.947,0.80434,0.50163,0.803685247898102,0.817,0.848,0.81325,0.73007,0.731159746646881,0.79,0.874,0.35733,0.31866,0.381498634815216,0.419,0.383,0.06413,0.05301,0.0398642159998417,0.032,0.027,0.14272,0.1684,0.201312944293022,0.149,0.178,1.89894,1.92816,1.49044156074524,,,,4.546,,,,,4.764,,,,,,4.75246400639415,,,,,4.53553610041738,,,,,,112.0,107.0
Alemania,Western Europe,Western Europe,,,,26.0,16.0,16.0,,,6.75,6.994,6.95100021362305,6.965,6.985,0.01848,,,,,1.32792,1.44787,1.48792338371277,1.34,1.373,1.29937,1.09774,1.47252035140991,1.474,1.454,0.89186,0.81487,0.798950731754303,0.861,0.987,0.61477,0.53466,0.562511384487152,0.586,0.495,0.21843,0.28551,0.276731938123703,0.28,0.265,0.28214,0.30452,0.336269170045853,0.273,0.261,2.11569,2.50931,2.01576995849609,,,,6.93,,,,,7.058,,,,,,7.00538156926632,,,,,6.89661885797977,,,,,,15.0,17.0
Angola,Sub-Saharan Africa,Sub-Saharan Africa,,,,137.0,141.0,140.0,,,4.033,3.866,3.79500007629395,3.795,,0.04758,,,,,0.75778,0.84731,0.858428180217743,0.73,,0.8604,0.66366,1.10441195964813,1.125,,0.16683,0.04991,0.0498686656355858,0.269,,0.10384,0.00589,0.0,0.0,,0.07122,0.08434,0.0697203353047371,0.061,,0.12344,0.12071,0.097926490008831,0.079,,1.94939,2.09459,1.61448240280151,,,,3.753,,,,,3.979,,,,,,3.95164193540812,,,,,3.63835821717978,,,,,,142.0,
Arabia Saudita,Middle East and Northern Africa,Middle East and Northern Africa,,,,35.0,34.0,37.0,,,6.411,6.379,6.3439998626709,6.371,6.375,0.04633,,,,,1.39541,1.48953,1.53062355518341,1.379,1.403,1.08393,0.84829,1.28667759895325,1.331,1.357,0.72025,0.59267,0.590148329734802,0.633,0.795,0.31048,0.37904,0.449750572443008,0.509,0.439,0.32524,0.30008,0.27343225479126,0.127,0.132,0.13706,0.15457,0.147616013884544,0.098,0.08,2.43872,2.61482,2.0654296875,,,,6.287,,,,,6.471,,,,,,6.44416661202908,,,,,6.24383311331272,,,,,,33.0,28.0
Argelia,Middle East and Northern Africa,Middle East and Northern Africa,,,,68.0,38.0,53.0,,,5.605,6.355,5.87200021743774,5.295,5.211,0.05099,,,,,0.93929,1.05266,1.09186446666718,0.979,1.002,1.07772,0.83309,1.1462174654007,1.154,1.16,0.61766,0.61804,0.617584645748138,0.687,0.785,0.28579,0.21006,0.233335807919502,0.077,0.086,0.17383,0.16157,0.146096110343933,0.135,0.114,0.07822,0.07044,0.0694366469979286,0.055,0.073,2.43209,3.40904,2.56760382652283,,,,6.227,,,,,6.483,,,,,,5.97828643366694,,,,,5.76571400120854,,,,,,84.0,88.0
Argentina,Latin America and Caribbean,Latin America and Caribbean,,,,30.0,26.0,24.0,,,6.574,6.65,6.59899997711182,6.388,6.086,0.04612,,,,,1.05351,1.15137,1.18529546260834,1.073,1.092,1.24823,1.06612,1.44045114517212,1.468,1.432,0.78723,0.69711,0.695137083530426,0.744,0.881,0.44974,0.42284,0.494519203901291,0.57,0.471,0.08484,0.07296,0.059739887714386,0.054,0.05,0.11451,0.10989,0.109457060694695,0.062,0.066,2.836,3.12985,2.61400532722473,,,,6.56,,,,,6.74,,,,,,6.69008508607745,,,,,6.50791486814618,,,,,,29.0,47.0
Armenia,Central and Eastern Europe,Central and Eastern Europe,,,,127.0,121.0,121.0,,,4.35,4.36,4.37599992752075,4.321,4.559,0.04763,,,,,0.76821,0.86086,0.900596737861633,0.816,0.85,0.77711,0.62477,1.00748372077942,0.99,1.055,0.7299,0.64083,0.637524425983429,0.666,0.815,0.19847,0.14037,0.198303267359734,0.26,0.283,0.039,0.03616,0.0266744215041399,0.028,0.064,0.07855,0.07793,0.0834880918264389,0.077,0.095,1.75873,1.97864,1.5214991569519,,,,4.266,,,,,4.454,,,,,,4.46673461228609,,,,,4.28526524275541,,,,,,129.0,116.0
Australia,Australia and New Zealand,Australia and New Zealand,,,,10.0,9.0,10.0,,,7.284,7.313,7.28399991989136,7.272,7.228,0.04083,,,,,1.33358,1.44443,1.484414935112,1.34,1.372,1.30923,1.10476,1.51004195213318,1.573,1.548,0.93156,0.8512,0.84388679265976,0.91,1.036,0.65124,0.56837,0.601607382297516,0.647,0.557,0.35637,0.32331,0.301183730363846,0.302,0.29,0.43562,0.47407,0.477699249982834,0.361,0.332,2.26646,2.5465,2.06521081924438,,,,7.241,,,,,7.385,,,,,,7.35665122494102,,,,,7.2113486148417,,,,,,10.0,11.0
Austria,Western Europe,Western Europe,,,,13.0,12.0,13.0,,,7.2,7.119,7.00600004196167,7.139,7.246,0.03751,,,,,1.33723,1.45038,1.48709726333618,1.341,1.376,1.29704,1.08383,1.4599449634552,1.504,1.475,0.89042,0.80565,0.815328419208527,0.891,1.016,0.62433,0.54355,0.567766189575195,0.617,0.532,0.18676,0.21348,0.221060365438461,0.224,0.226,0.33088,0.32865,0.316472321748734,0.242,0.244,2.5332,2.69343,2.1385064125061,,,,7.045,,,,,7.193,,,,,,7.07066981211305,,,,,6.94133027181029,,,,,,12.0,10.0
Azerbaiyán,Central and Eastern Europe,Central and Eastern Europe,,,,80.0,81.0,85.0,,,5.212,5.291,5.23400020599365,5.201,5.208,0.03363,,,,,1.02389,1.12373,1.15360176563263,1.024,1.043,0.93793,0.76042,1.15240025520325,1.161,1.147,0.64045,0.54504,0.540775775909424,0.603,0.769,0.3703,0.35327,0.398155838251114,0.43,0.351,0.16065,0.17914,0.180987507104874,0.176,0.182,0.07799,0.0564,0.0452693402767181,0.031,0.035,2.00073,2.2735,1.76248168945312,,,,5.226,,,,,5.356,,,,,,5.29928653523326,,,,,5.16871387675405,,,,,,87.0,90.0
Bahrain,Middle East and Northern Africa,Middle East and Northern Africa,,,,49.0,42.0,41.0,,,5.96,6.218,6.08699989318848,6.105,6.199,0.05412,,,,,1.32376,1.44024,1.48841226100922,1.338,1.362,1.21624,0.94397,1.32311046123505,1.366,1.368,0.74716,0.65696,0.653133034706116,0.698,0.871,0.45492,0.47375,0.536746919155121,0.594,0.536,0.306,0.25772,0.257042169570923,0.123,0.11,0.17362,0.17147,0.172668486833572,0.243,0.255,1.73797,2.27405,1.65614938735962,,,,6.128,,,,,6.308,,,,,,6.17898906782269,,,,,5.99501071855426,,,,,,43.0,37.0
Bangladés,Southern Asia,Southern Asia,,,,109.0,110.0,110.0,,,4.694,4.643,4.60799980163574,4.5,4.456,0.03077,,,,,0.39753,0.54177,0.586682975292206,0.532,0.562,0.43106,0.24749,0.735131740570068,0.85,0.928,0.60164,0.52989,0.533241033554077,0.579,0.723,0.4082,0.39778,0.478356659412384,0.58,0.527,0.12569,0.12583,0.123717859387398,0.144,0.143,0.21222,0.19132,0.172255352139473,0.153,0.166,2.51767,2.60904,1.97873616218567,,,,4.56,,,,,4.726,,,,,,4.68982165828347,,,,,4.52617794498801,,,,,,115.0,125.0
Belarus,Central and Eastern Europe,Central and Eastern Europe,,,,59.0,61.0,67.0,,,5.813,5.802,5.56899976730347,5.483,5.323,0.03938,,,,,1.03192,1.13062,1.15655755996704,1.039,1.067,1.23289,1.04993,1.44494521617889,1.498,1.465,0.73608,0.63104,0.637714266777039,0.7,0.789,0.37938,0.29091,0.295400261878967,0.307,0.235,0.1909,0.17457,0.156313821673393,0.154,0.142,0.11046,0.13942,0.15513750910759,0.101,0.094,2.1309,2.38582,1.72323298454285,,,,5.723,,,,,5.881,,,,,,5.64611424401402,,,,,5.49188529059291,,,,,,73.0,81.0
Belize,,Latin America and Caribbean,,,,,52.0,50.0,,,,5.956,5.95599985122681,5.956,,,,,,,,0.87616,0.907975316047668,0.807,,,0.68655,1.08141779899597,1.101,,,0.45569,0.450191766023636,0.474,,,0.51231,0.547509372234344,0.593,,,0.10771,0.0965810716152191,0.089,,,0.23684,0.240015640854836,0.183,,,3.08039,2.63195562362671,,,,5.71,,,,,6.202,,,,,,6.19724231779575,,,,,5.71475738465786,,,,,,49.0,
Benín,Sub-Saharan Africa,Sub-Saharan Africa,,,,155.0,153.0,143.0,,,3.34,3.484,3.65700006484985,4.141,4.883,0.03656,,,,,0.28665,0.39499,0.431085407733917,0.378,0.393,0.35386,0.10419,0.435299843549728,0.372,0.437,0.3191,0.21028,0.209930211305618,0.24,0.397,0.4845,0.39747,0.425962775945663,0.44,0.349,0.0801,0.06681,0.0609290152788162,0.067,0.082,0.1826,0.2018,0.207948461174965,0.163,0.175,1.63328,2.10812,1.88563096523285,,,,3.404,,,,,3.564,,,,,,3.74578355133533,,,,,3.56821657836437,,,,,,136.0,102.0
Bhutan,Southern Asia,Southern Asia,,,,79.0,84.0,97.0,,,5.253,5.196,5.01100015640259,5.082,5.082,0.03225,,,,,0.77042,0.8527,0.885416388511658,0.796,0.813,1.10395,0.90836,1.34012651443481,1.335,1.321,0.57407,0.49759,0.495879292488098,0.527,0.604,0.53206,0.46074,0.501537680625916,0.541,0.457,0.15445,0.1616,0.173380389809608,0.171,0.167,0.47998,0.48546,0.474054545164108,0.364,0.37,1.63794,1.82916,1.14018440246582,,,,5.138,,,,,5.254,,,,,,5.07933456212282,,,,,4.94266575068235,,,,,,97.0,95.0
Birmania,Southeastern Asia,Southeastern Asia,,,,129.0,119.0,114.0,,,4.307,4.395,4.54500007629395,4.308,4.36,0.04351,,,,,0.27108,0.34112,0.367110550403595,0.682,0.71,0.70905,0.69981,1.12323594093323,1.174,1.181,0.48246,0.3988,0.397522568702698,0.429,0.555,0.44017,0.42692,0.514492034912109,0.58,0.525,0.19034,0.20243,0.188816204667091,0.178,0.172,0.79588,0.81971,0.838075160980225,0.598,0.566,1.41805,1.50655,1.11529040336609,,,,4.327,,,,,4.463,,,,,,4.61473994642496,,,,,4.47526020616293,,,,,,130.0,131.0
Bolivia,Latin America and Caribbean,Latin America and Caribbean,,,,51.0,59.0,58.0,,,5.89,5.822,5.82299995422363,5.752,5.779,0.05642,,,,,0.68133,0.79422,0.833756566047668,0.751,0.776,0.97841,0.83779,1.22761905193329,1.223,1.209,0.5392,0.4697,0.473630249500275,0.508,0.706,0.57414,0.50961,0.558732926845551,0.606,0.511,0.088,0.07746,0.0604777261614799,0.054,0.064,0.20536,0.21698,0.22556072473526,0.141,0.137,2.82334,2.91635,2.44327902793884,,,,5.74,,,,,5.904,,,,,,5.9039769025147,,,,,5.74202300593257,,,,,,62.0,61.0
Bosnia y Herzegovina,Central and Eastern Europe,Central and Eastern Europe,,,,96.0,87.0,90.0,,,4.949,5.163,5.18200016021729,5.129,5.386,0.06913,,,,,0.83223,0.93383,0.982409417629242,0.915,0.945,0.91916,0.64367,1.0693359375,1.078,1.212,0.79081,0.70766,0.705186307430267,0.758,0.845,0.09245,0.09511,0.204403176903725,0.28,0.212,0.00227,0.0,0.0,0.0,0.006,0.24808,0.29889,0.328867495059967,0.216,0.263,2.06367,2.48406,1.89217257499695,,,,5.063,,,,,5.263,,,,,,5.27633568674326,,,,,5.08766463369131,,,,,,93.0,78.0
Botsuana,Sub-Saharan Africa,Sub-Saharan Africa,,,,128.0,137.0,142.0,,,4.332,3.974,3.76600003242493,3.59,3.488,0.04934,,,,,0.99355,1.09426,1.12209415435791,1.017,1.041,1.10464,0.89186,1.22155499458313,1.174,1.145,0.04776,0.34752,0.341755509376526,0.417,0.538,0.49495,0.44089,0.505196332931519,0.557,0.455,0.12474,0.10769,0.0985831990838051,0.092,0.1,0.10461,0.12425,0.0993484482169151,0.042,0.025,1.46181,0.96741,0.3779137134552,,,,3.875,,,,,4.073,,,,,,3.87412266626954,,,,,3.65787739858031,,,,,,146.0,148.0
Brasil,Latin America and Caribbean,Latin America and Caribbean,,,,16.0,17.0,22.0,,,6.983,6.952,6.63500022888184,6.419,6.3,0.04076,,,,,0.98124,1.08754,1.10735321044922,0.986,1.004,1.23287,1.03938,1.43130600452423,1.474,1.439,0.69702,0.61415,0.616552352905273,0.675,0.802,0.49049,0.40425,0.437453746795654,0.493,0.39,0.17521,0.14166,0.111092761158943,0.088,0.086,0.14574,0.15776,0.16234989464283,0.11,0.099,3.26001,3.50733,2.76926708221436,,,,6.875,,,,,7.029,,,,,,6.72546950161457,,,,,6.5445309561491,,,,,,28.0,32.0
Bulgaria,Central and Eastern Europe,Central and Eastern Europe,,,,134.0,129.0,105.0,,,4.218,4.217,4.71400022506714,4.933,5.011,0.04828,,,,,1.01216,1.11306,1.1614590883255,1.054,1.092,1.10614,0.92542,1.43437945842743,1.515,1.513,0.76649,0.67806,0.708217680454254,0.712,0.815,0.30587,0.21219,0.289231717586517,0.359,0.311,0.00872,0.00615,0.0110515309497714,0.009,0.004,0.11921,0.12793,0.113177694380283,0.064,0.081,0.89991,1.15377,0.996139287948608,,,,4.104,,,,,4.33,,,,,,4.80369470641017,,,,,4.62430574372411,,,,,,100.0,97.0
Burkina Faso,Sub-Saharan Africa,Sub-Saharan Africa,,,,152.0,145.0,134.0,,,3.587,3.739,4.03200006484985,4.424,4.587,0.04324,,,,,0.25812,0.31995,0.3502277135849,0.314,0.331,0.85188,0.63054,1.04328000545502,1.097,1.056,0.27125,0.21297,0.215844258666039,0.254,0.38,0.39493,0.3337,0.324367851018906,0.312,0.255,0.12832,0.12533,0.120328105986118,0.128,0.113,0.21747,0.24353,0.250864684581757,0.175,0.177,1.46494,1.87319,1.72721290588379,,,,3.647,,,,,3.831,,,,,,4.12405906438828,,,,,3.93994106531143,,,,,,121.0,115.0
Burundi,Sub-Saharan Africa,Sub-Saharan Africa,,,,157.0,157.0,154.0,,,2.905,2.905,2.90499997138977,2.905,3.775,0.08658,,,,,0.0153,0.06831,0.091622568666935,0.091,0.046,0.41587,0.23442,0.629793584346771,0.627,0.447,0.22396,0.15747,0.151610791683197,0.145,0.38,0.1185,0.0432,0.0599007532000542,0.065,0.22,0.10062,0.09419,0.0841479450464249,0.076,0.18,0.19727,0.2029,0.204435184597969,0.149,0.176,1.83302,2.10404,1.68302416801453,,,,2.732,,,,,3.078,,,,,,3.07469033300877,,,,,2.73530960977077,,,,,,156.0,145.0
Bélgica,Western Europe,Western Europe,,,,19.0,18.0,17.0,,,6.937,6.929,6.89099979400635,6.927,6.923,0.03595,,,,,1.30782,1.42539,1.46378076076508,1.324,1.356,1.28566,1.05249,1.46231269836426,1.483,1.504,0.89667,0.81959,0.818091869354248,0.894,0.986,0.5845,0.51354,0.539770722389221,0.583,0.473,0.2254,0.26248,0.251343131065369,0.24,0.21,0.2225,0.2424,0.231503337621689,0.188,0.16,2.41484,2.61355,2.12421035766602,,,,6.861,,,,,6.997,,,,,,6.95582075044513,,,,,6.82617883756757,,,,,,16.0,18.0
Camboya,Southeastern Asia,Southeastern Asia,,,,145.0,140.0,129.0,,,3.819,3.907,4.16800022125244,4.433,4.7,0.05069,,,,,0.46038,0.55604,0.601765096187592,0.549,0.574,0.62736,0.5375,1.00623834133148,1.088,1.122,0.61114,0.42494,0.429783403873444,0.457,0.637,0.66246,0.58852,0.633375823497772,0.696,0.609,0.07247,0.08092,0.0681059509515762,0.065,0.062,0.40359,0.40339,0.385922968387604,0.256,0.232,0.98195,1.31573,1.04294109344482,,,,3.798,,,,,4.016,,,,,,4.27851781353354,,,,,4.05748262897134,,,,,,120.0,109.0
Camerún,Sub-Saharan Africa,Sub-Saharan Africa,,,,133.0,114.0,107.0,,,4.252,4.513,4.69500017166138,4.975,5.044,0.04678,,,,,0.4225,0.52497,0.564305365085602,0.535,0.549,0.88767,0.62542,0.946018218994141,0.891,0.91,0.23402,0.12698,0.132892116904259,0.182,0.331,0.49309,0.42736,0.430388748645782,0.454,0.381,0.05786,0.06126,0.0513066314160824,0.043,0.037,0.20618,0.2268,0.236298456788063,0.183,0.187,1.95071,2.5198,2.3336455821991,,,,4.417,,,,,4.609,,,,,,4.79654085725546,,,,,4.5934594860673,,,,,,99.0,96.0
Canadá,North America,North America,,,,5.0,6.0,7.0,,,7.427,7.404,7.31599998474121,7.328,7.278,0.03553,,,,,1.32629,1.44015,1.47920441627502,1.33,1.365,1.32261,1.0961,1.48134899139404,1.532,1.505,0.90563,0.8276,0.83455765247345,0.896,1.039,0.63297,0.5737,0.611100912094116,0.653,0.584,0.32957,0.31329,0.287371516227722,0.291,0.308,0.45811,0.44834,0.435539722442627,0.321,0.285,2.45176,2.70485,2.18726444244385,,,,7.335,,,,,7.473,,,,,,7.38440283536911,,,,,7.24759713411331,,,,,,7.0,9.0
Catar,Middle East and Northern Africa,Middle East and Northern Africa,,,,28.0,36.0,35.0,,,6.611,6.375,6.375,6.374,6.374,0.06257,,,,,1.69042,1.82427,1.87076568603516,1.649,1.684,1.0786,0.87964,1.27429687976837,1.303,1.313,0.79733,0.71723,0.710098087787628,0.748,0.871,0.6404,0.56679,0.604130983352661,0.654,0.555,0.52208,0.48049,0.439299255609512,0.171,0.167,0.32573,0.32388,0.330473870038986,0.256,0.22,1.55674,1.58224,1.1454644203186,,,,6.178,,,,,6.572,,,,,,6.56847681432962,,,,,6.18152318567038,,,,,,32.0,29.0
Chad,Sub-Saharan Africa,Sub-Saharan Africa,,,,149.0,144.0,137.0,,,3.667,3.763,3.93600010871887,4.301,4.35,0.0383,,,,,0.34193,0.42214,0.438012987375259,0.358,0.35,0.76062,0.63178,0.953855872154236,0.907,0.766,0.1501,0.03824,0.0411347150802612,0.053,0.192,0.23501,0.12807,0.16234202682972,0.189,0.174,0.05269,0.04952,0.0535818822681904,0.06,0.078,0.18386,0.18667,0.216113850474358,0.181,0.198,1.94296,2.30637,2.07123804092407,,,,3.672,,,,,3.854,,,,,,4.0347115239501,,,,,3.83728869348764,,,,,,131.0,132.0
Chile,Latin America and Caribbean,Latin America and Caribbean,,,,27.0,24.0,20.0,,,6.67,6.705,6.65199995040894,6.476,6.444,0.058,,,,,1.10715,1.2167,1.25278460979462,1.131,1.159,1.12447,0.90587,1.28402495384216,1.331,1.369,0.85857,0.81883,0.819479703903198,0.808,0.92,0.44132,0.37789,0.376895278692245,0.431,0.357,0.12869,0.11451,0.0822879821062088,0.061,0.056,0.33363,0.31595,0.326662421226501,0.197,0.187,2.67585,2.95505,2.50958585739136,,,,6.615,,,,,6.795,,,,,,6.73925056010485,,,,,6.56474934071302,,,,,,25.0,26.0
China,Eastern Asia,Eastern Asia,,,,84.0,83.0,79.0,,,5.14,5.245,5.27299976348877,5.246,5.191,0.02424,,,,,0.89012,1.0278,1.08116579055786,0.989,1.029,0.94675,0.79381,1.16083741188049,1.142,1.125,0.81658,0.73561,0.741415500640869,0.799,0.893,0.51697,0.44012,0.472787708044052,0.597,0.521,0.02781,0.02745,0.0227942746132612,0.103,0.1,0.08185,0.04959,0.0288068410009146,0.029,0.058,1.8604,2.17087,1.76493859291077,,,,5.199,,,,,5.291,,,,,,5.31927808977663,,,,,5.2267214372009,,,,,,86.0,93.0
Chipre,Western Europe,Western Europe,,,,67.0,69.0,65.0,,,5.689,5.546,5.62099981307983,5.762,6.046,0.0558,,,,,1.20813,1.31857,1.35593807697296,1.229,1.263,0.89318,0.70697,1.13136327266693,1.191,1.223,0.92356,0.8488,0.84471470117569,0.909,1.042,0.40672,0.29507,0.355111539363861,0.423,0.406,0.06146,0.05228,0.0412379764020443,0.035,0.041,0.30638,0.27906,0.271254301071167,0.202,0.19,1.88931,2.04497,1.62124919891357,,,,5.442,,,,,5.65,,,,,,5.71469269931316,,,,,5.5273069268465,,,,,,61.0,49.0
Colombia,Latin America and Caribbean,Latin America and Caribbean,,,,33.0,31.0,36.0,,,6.477,6.481,6.35699987411499,6.26,6.125,0.05051,,,,,0.91861,1.03032,1.07062232494354,0.96,0.985,1.24018,1.02169,1.4021829366684,1.439,1.41,0.69077,0.59659,0.595027923583984,0.635,0.841,0.53466,0.44735,0.477487415075302,0.531,0.47,0.0512,0.05399,0.0466687418520451,0.039,0.034,0.18401,0.15626,0.149014472961426,0.099,0.099,2.85737,3.17471,2.61606812477112,,,,6.384,,,,,6.578,,,,,,6.45202005416155,,,,,6.26197969406843,,,,,,37.0,43.0
Comoros,Sub-Saharan Africa,Sub-Saharan Africa,,,,140.0,138.0,,,,3.956,3.956,,,3.973,0.04797,,,,,0.23906,0.27509,,,0.274,0.79273,0.60323,,,0.757,0.36315,0.29981,,,0.505,0.22917,0.15412,,,0.142,0.199,0.18437,,,0.078,0.17441,0.1827,,,0.275,1.95812,2.25632,,,,,3.86,,,,,4.052,,,,,,,,,,,,,,,,,,142.0
Congo (Brazzaville),Sub-Saharan Africa,Sub-Saharan Africa,,,,139.0,127.0,124.0,,,3.989,4.236,4.29099988937378,4.559,4.812,0.06682,,,,,0.67866,0.77109,0.808964252471924,0.682,0.673,0.6629,0.47799,0.832044363021851,0.811,0.799,0.31051,0.28212,0.28995743393898,0.343,0.508,0.41466,0.37938,0.435025870800018,0.514,0.372,0.11686,0.09753,0.0796181336045265,0.077,0.093,0.12388,0.12077,0.120852127671242,0.091,0.105,1.68135,2.10681,1.72413563728333,,,,4.107,,,,,4.365,,,,,,4.41005350500345,,,,,4.17194627374411,,,,,,114.0,103.0
Congo (Kinshasa),Sub-Saharan Africa,Sub-Saharan Africa,,,,120.0,125.0,126.0,,,4.517,4.272,4.28000020980835,4.245,4.418,0.0368,,,,,0.0,0.05661,0.0921023488044739,0.069,0.094,1.0012,0.80676,1.22902345657349,1.136,1.125,0.09806,0.188,0.191407024860382,0.204,0.357,0.22605,0.15602,0.235961347818375,0.312,0.269,0.07625,0.06075,0.0602413564920425,0.052,0.053,0.24834,0.25458,0.246455833315849,0.197,0.212,2.86712,2.74924,2.22495865821838,,,,4.191,,,,,4.353,,,,,,4.35781083270907,,,,,4.20218958690763,,,,,,132.0,127.0
Corea del Sur,Eastern Asia,Eastern Asia,,,,47.0,57.0,55.0,,,5.984,5.835,5.83799982070923,5.875,5.895,0.04098,,,,,1.24461,1.35948,1.40167844295502,1.266,1.301,0.95774,0.72194,1.12827444076538,1.204,1.219,0.96538,0.88645,0.900214076042175,0.955,1.036,0.33208,0.25168,0.257921665906906,0.244,0.159,0.07857,0.07716,0.0632826685905457,0.051,0.056,0.18557,0.18824,0.206674367189407,0.175,0.175,2.21978,2.35015,1.88037800788879,,,,5.747,,,,,5.923,,,,,,5.92255902826786,,,,,5.7534406131506,,,,,,57.0,54.0
Costa Rica,Latin America and Caribbean,Latin America and Caribbean,,,,12.0,14.0,12.0,,,7.226,7.087,7.0789999961853,7.072,7.167,0.04454,,,,,0.95578,1.06879,1.10970628261566,1.01,1.034,1.23788,1.02152,1.41640365123749,1.459,1.441,0.86027,0.76146,0.759509265422821,0.817,0.963,0.63376,0.55225,0.580131649971008,0.632,0.558,0.10583,0.10547,0.100106589496136,0.101,0.093,0.25497,0.22553,0.214613229036331,0.143,0.144,3.17728,3.35168,2.89863920211792,,,,6.999,,,,,7.175,,,,,,7.16811166629195,,,,,6.98988832607865,,,,,,13.0,12.0
Costa de Marfil,Sub-Saharan Africa,Sub-Saharan Africa,,,,151.0,139.0,128.0,,,3.655,3.916,4.17999982833862,4.671,4.944,0.05141,,,,,0.46534,0.55507,0.603048920631409,0.541,0.569,0.77115,0.57576,0.904780030250549,0.872,0.808,0.15185,0.04476,0.0486421696841717,0.08,0.232,0.46866,0.40663,0.447706192731857,0.467,0.352,0.17922,0.1553,0.130061775445938,0.103,0.09,0.20165,0.20338,0.201237469911575,0.146,0.154,1.41723,1.97478,1.84496426582336,,,,3.826,,,,,4.006,,,,,,4.27518256321549,,,,,4.08481709346175,,,,,,107.0,99.0
Croacia,Central and Eastern Europe,Central and Eastern Europe,,,,62.0,74.0,77.0,,,5.759,5.488,5.29300022125244,5.321,5.432,0.04394,,,,,1.08254,1.18649,1.22255623340607,1.115,1.155,0.79624,0.60809,0.96798300743103,1.161,1.266,0.78805,0.70524,0.701288521289825,0.737,0.914,0.25883,0.23907,0.255772292613983,0.38,0.296,0.0243,0.04002,0.0431031100451946,0.039,0.022,0.05444,0.18434,0.248002976179123,0.12,0.119,2.75414,2.52462,1.85449242591858,,,,5.402,,,,,5.574,,,,,,5.39177720457315,,,,,5.19422323793173,,,,,,82.0,75.0
Dinamarca,Western Europe,Western Europe,,,,3.0,1.0,2.0,,,7.527,7.526,7.52199983596802,7.555,7.6,0.03328,,,,,1.32548,1.44178,1.48238301277161,1.351,1.383,1.36058,1.16374,1.55112159252167,1.59,1.573,0.87464,0.79504,0.792565524578094,0.868,0.996,0.64938,0.57941,0.626006722450256,0.683,0.592,0.48357,0.44453,0.40077006816864,0.408,0.41,0.34139,0.36171,0.355280488729477,0.284,0.252,2.49204,2.73939,2.31370735168457,,,,7.46,,,,,7.592,,,,,,7.58172806486487,,,,,7.46227160707116,,,,,,3.0,2.0
Ecuador,Latin America and Caribbean,Latin America and Caribbean,,,,48.0,51.0,44.0,,,5.975,5.976,6.00799989700317,5.973,6.028,0.04528,,,,,0.86402,0.97306,1.00082039833069,0.889,0.912,0.99903,0.85974,1.28616881370544,1.33,1.312,0.79075,0.68613,0.685636222362518,0.736,0.868,0.48574,0.4027,0.4551981985569,0.556,0.498,0.1809,0.18037,0.140134647488594,0.12,0.087,0.11541,0.10074,0.150112465023994,0.114,0.126,2.53942,2.77366,2.29035258293152,,,,5.88,,,,,6.072,,,,,,6.10584767535329,,,,,5.91015211865306,,,,,,48.0,50.0
Egipto,Middle East and Northern Africa,Middle East and Northern Africa,,,,135.0,120.0,104.0,,,4.194,4.362,4.7350001335144,4.419,4.166,0.0326,,,,,0.8818,0.95395,0.989701807498932,0.885,0.913,0.747,0.49813,0.997471392154694,1.025,1.039,0.61712,0.52116,0.520187258720398,0.553,0.644,0.17288,0.18847,0.282110154628754,0.312,0.241,0.06324,0.10393,0.114381365478039,0.107,0.067,0.11291,0.12706,0.128631442785263,0.092,0.076,1.59927,1.96895,1.70216107368469,,,,4.259,,,,,4.465,,,,,,4.82513378962874,,,,,4.64486647740006,,,,,,122.0,137.0
El Salvador,Latin America and Caribbean,Latin America and Caribbean,,,,42.0,46.0,45.0,,,6.13,6.068,6.00299978256226,6.167,6.253,0.05618,,,,,0.76454,0.8737,0.909784495830536,0.806,0.794,1.02507,0.80975,1.18212509155273,1.231,1.242,0.67737,0.596,0.596018552780151,0.639,0.789,0.4035,0.37269,0.432452529668808,0.461,0.43,0.11776,0.10613,0.0899809598922729,0.082,0.074,0.10692,0.08877,0.0782579854130745,0.065,0.093,3.035,3.22134,2.7145938873291,,,,5.967,,,,,6.169,,,,,,6.108635122329,,,,,5.89736444279552,,,,,,40.0,35.0
Emiratos Árabes Unidos,Middle East and Northern Africa,Middle East and Northern Africa,,,,20.0,28.0,21.0,,,6.901,6.573,6.64799976348877,6.774,6.825,0.03729,,,,,1.42727,1.57352,1.62634336948395,2.096,1.503,1.12575,0.87114,1.26641023159027,0.776,1.31,0.80925,0.72993,0.726798236370087,0.67,0.825,0.64157,0.56215,0.60834527015686,0.284,0.598,0.38583,0.35561,0.324489563703537,,0.182,0.26428,0.26591,0.3609419465065,0.186,0.262,2.24743,2.21507,1.734703540802,,,,6.494,,,,,6.652,,,,,,6.72204730376601,,,,,6.57395222321153,,,,,,20.0,21.0
Eslovaquia,Central and Eastern Europe,Central and Eastern Europe,,,,45.0,45.0,40.0,,,5.995,6.078,6.09800004959106,6.173,6.198,0.04267,,,,,1.16891,1.27973,1.32539355754852,1.21,1.246,1.26999,1.08268,1.50505924224854,1.537,1.504,0.78902,0.70367,0.712732911109924,0.776,0.881,0.31751,0.23391,0.295817464590073,0.354,0.334,0.03431,0.02947,0.0242108516395092,0.014,0.014,0.16893,0.13837,0.136544480919838,0.118,0.121,2.24639,2.61065,2.09777665138245,,,,5.996,,,,,6.16,,,,,,6.1773484121263,,,,,6.01865168705583,,,,,,39.0,38.0
Eslovenia,Central and Eastern Europe,Central and Eastern Europe,,,,55.0,63.0,62.0,,,5.848,5.768,5.75799989700317,5.948,6.118,0.04251,,,,,1.18498,1.29947,1.3412059545517,1.219,1.258,1.27385,1.05613,1.45251882076263,1.506,1.523,0.87337,0.79151,0.790828227996826,0.856,0.953,0.60855,0.53164,0.572575807571411,0.633,0.564,0.03787,0.03635,0.0451289787888527,0.051,0.057,0.25328,0.25738,0.242649093270302,0.16,0.144,1.61583,1.79522,1.31331729888916,,,,5.683,,,,,5.853,,,,,,5.84222516000271,,,,,5.67377463400364,,,,,,51.0,44.0
España,Western Europe,Western Europe,,,,36.0,37.0,34.0,,,6.329,6.361,6.40299987792969,6.31,6.354,0.03468,,,,,1.23011,1.34253,1.38439786434174,1.251,1.286,1.31379,1.12945,1.53209090232849,1.538,1.484,0.95562,0.87896,0.888960599899292,0.965,1.062,0.45951,0.37545,0.408781230449677,0.449,0.362,0.06398,0.06137,0.0709140971302986,0.074,0.079,0.18227,0.17665,0.190133571624756,0.142,0.153,2.12367,2.39663,1.92775774002075,,,,6.288,,,,,6.434,,,,,,6.4710548453033,,,,,6.33494491055608,,,,,,36.0,30.0
Estados Unidos,North America,North America,,,,15.0,13.0,14.0,,,7.119,7.104,6.99300003051758,6.886,6.892,0.03839,,,,,1.39451,1.50796,1.54625928401947,1.398,1.433,1.24711,1.04782,1.41992056369781,1.471,1.457,0.86179,0.779,0.77428662776947,0.819,0.874,0.54604,0.48163,0.505740523338318,0.547,0.454,0.1589,0.14868,0.135638788342476,0.133,0.128,0.40105,0.41077,0.392578780651093,0.291,0.28,2.51011,2.72782,2.2181134223938,,,,7.02,,,,,7.188,,,,,,7.07465674757957,,,,,6.91134331345558,,,,,,18.0,19.0
Estonia,Central and Eastern Europe,Central and Eastern Europe,,,,73.0,72.0,66.0,,,5.429,5.517,5.61100006103516,5.739,5.893,0.04013,,,,,1.15174,1.27964,1.32087934017181,1.2,1.237,1.22791,1.05163,1.47667109966278,1.532,1.528,0.77361,0.68098,0.695168316364288,0.737,0.874,0.44888,0.41511,0.479131430387497,0.553,0.495,0.15184,0.18519,0.183248922228813,0.174,0.161,0.0868,0.08423,0.0988908112049103,0.086,0.103,1.58782,1.81985,1.35750865936279,,,,5.437,,,,,5.597,,,,,,5.68813987419009,,,,,5.53386024788022,,,,,,63.0,55.0
Etiopía,Sub-Saharan Africa,Sub-Saharan Africa,,,,122.0,115.0,119.0,,,4.512,4.508,4.46000003814697,4.35,4.286,0.0378,,,,,0.19073,0.29283,0.339233845472336,0.308,0.336,0.60406,0.37932,0.86466920375824,0.95,1.033,0.44055,0.34578,0.353409707546234,0.391,0.532,0.4345,0.36703,0.408842742443085,0.452,0.344,0.15048,0.1717,0.165455713868141,0.146,0.1,0.24325,0.29522,0.312650740146637,0.22,0.209,2.44876,2.65614,2.01574373245239,,,,4.425,,,,,4.591,,,,,,4.54272867664695,,,,,4.377271399647,,,,,,127.0,134.0
Filipinas,Southeastern Asia,Southeastern Asia,,,,90.0,82.0,72.0,,,5.073,5.279,5.42999982833862,5.524,5.631,0.04934,,,,,0.70532,0.81217,0.85769921541214,0.775,0.807,1.03516,0.87877,1.25391757488251,1.312,1.293,0.58114,0.47036,0.468009054660797,0.513,0.657,0.62545,0.54854,0.585214674472809,0.643,0.558,0.12279,0.11757,0.0993318930268288,0.105,0.107,0.24991,0.21674,0.193513423204422,0.12,0.117,1.7536,2.23484,1.97260475158691,,,,5.16,,,,,5.398,,,,,,5.54533505424857,,,,,5.31466460242867,,,,,,71.0,69.0
Finlandia,Western Europe,Western Europe,,,,6.0,5.0,5.0,,,7.406,7.413,7.4689998626709,7.632,7.769,0.0314,,,,,1.29025,1.40598,1.44357192516327,1.305,1.34,1.31826,1.13464,1.5402467250824,1.592,1.587,0.88911,0.81091,0.80915766954422,0.874,0.986,0.64169,0.57104,0.617950856685638,0.681,0.596,0.41372,0.41004,0.38261154294014,0.393,0.393,0.23351,0.25492,0.24548277258873,0.202,0.153,2.61955,2.82596,2.4301815032959,,,,7.351,,,,,7.475,,,,,,7.52754207581282,,,,,7.41045764952898,,,,,,1.0,1.0
Francia,Western Europe,Western Europe,,,,29.0,32.0,31.0,,,6.575,6.478,6.44199991226196,6.489,6.592,0.03512,,,,,1.27778,1.39488,1.43092346191406,1.293,1.324,1.26038,1.00508,1.38777685165405,1.466,1.472,0.94579,0.83795,0.844465851783752,0.908,1.045,0.55011,0.46562,0.470222115516663,0.52,0.436,0.20646,0.17808,0.172502428293228,0.176,0.183,0.12332,0.1216,0.129762306809425,0.098,0.111,2.21126,2.4744,2.00595474243164,,,,6.397,,,,,6.559,,,,,,6.51576780244708,,,,,6.36823202207685,,,,,,23.0,24.0
Gabón,Sub-Saharan Africa,Sub-Saharan Africa,,,,143.0,134.0,118.0,,,3.896,4.121,4.46500015258789,4.758,4.799,0.04547,,,,,1.06024,1.15851,1.1982102394104,1.036,1.057,0.90528,0.72368,1.1556202173233,1.164,1.183,0.43372,0.3494,0.356578588485718,0.404,0.571,0.31914,0.28098,0.312328577041626,0.356,0.295,0.11091,0.09314,0.0760467872023582,0.052,0.055,0.06822,0.06244,0.0437853783369064,0.032,0.043,0.99895,1.45332,1.32291626930237,,,,4.03,,,,,4.212,,,,,,4.5573617656529,,,,,4.37263853952289,,,,,,103.0,104.0
Gambia,,,,,,,,,,,,,,,4.516,,,,,,,,,,0.308,,,,,0.939,,,,,0.428,,,,,0.382,,,,,0.167,,,,,0.269,,,,,,,,,,,,,,,,,,,,,,,,,,,,,,120.0
Georgia,Central and Eastern Europe,Central and Eastern Europe,,,,130.0,126.0,125.0,,,4.297,4.252,4.28599977493286,4.34,4.519,0.04221,,,,,0.7419,0.83792,0.950612664222717,0.853,0.886,0.38562,0.19249,0.57061493396759,0.592,0.666,0.72926,0.64035,0.649546980857849,0.643,0.752,0.40577,0.32461,0.309410035610199,0.375,0.346,0.38331,0.3188,0.251666635274887,0.215,0.164,0.05547,0.06786,0.0540088154375553,0.038,0.043,1.59541,1.87031,1.50013780593872,,,,4.164,,,,,4.34,,,,,,4.37493396580219,,,,,4.19706558406353,,,,,,128.0,119.0
Ghana,Sub-Saharan Africa,Sub-Saharan Africa,,,,114.0,124.0,131.0,,,4.633,4.276,4.11999988555908,4.657,4.996,0.04742,,,,,0.54558,0.63107,0.667224824428558,0.592,0.611,0.67954,0.49353,0.873664736747742,0.896,0.868,0.40132,0.29681,0.295637726783752,0.337,0.486,0.42342,0.40973,0.423026293516159,0.499,0.381,0.04355,0.0326,0.0253363698720932,0.029,0.04,0.23087,0.21203,0.256923943758011,0.212,0.245,2.30919,2.2002,1.57786750793457,,,,4.185,,,,,4.367,,,,,,4.22270720854402,,,,,4.01729256257415,,,,,,108.0,98.0
Grecia,Western Europe,Western Europe,,,,102.0,99.0,87.0,,,4.857,5.033,5.22700023651123,5.358,5.287,0.05062,,,,,1.15406,1.24886,1.28948748111725,1.154,1.181,0.92933,0.75473,1.23941457271576,1.202,1.156,0.88213,0.80029,0.810198903083801,0.879,0.999,0.07699,0.05822,0.0957312509417534,0.131,0.067,0.01397,0.04127,0.04328977689147,0.044,0.034,0.0,0.0,0.0,0.0,0.0,1.80101,2.12944,1.74922156333923,,,,4.935,,,,,5.131,,,,,,5.3252461694181,,,,,5.12875430360436,,,,,,79.0,82.0
Guatemala,Latin America and Caribbean,Latin America and Caribbean,,,,43.0,39.0,29.0,,,6.123,6.324,6.4539999961853,6.382,6.436,0.05224,,,,,0.74553,0.83454,0.872001945972443,0.781,0.8,1.04356,0.87119,1.25558519363403,1.268,1.269,0.64425,0.54039,0.540239989757538,0.608,0.746,0.57733,0.50379,0.531310617923737,0.604,0.535,0.09472,0.08701,0.0772232785820961,0.071,0.078,0.27489,0.28808,0.283488392829895,0.179,0.175,2.74255,3.19863,2.89389109611511,,,,6.213,,,,,6.435,,,,,,6.56687397271395,,,,,6.34112601965666,,,,,,30.0,27.0
Guinea,Sub-Saharan Africa,Sub-Saharan Africa,,,,150.0,151.0,149.0,,,3.656,3.607,3.50699996948242,3.964,4.534,0.0359,,,,,0.17417,0.22415,0.244549930095673,0.344,0.38,0.46475,0.3109,0.791244685649872,0.792,0.829,0.24009,0.18829,0.194129139184952,0.211,0.375,0.37725,0.30953,0.348587512969971,0.394,0.332,0.12139,0.1192,0.110937617719173,0.094,0.086,0.28657,0.29914,0.264815092086792,0.185,0.207,1.99172,2.15604,1.55231189727783,,,,3.533,,,,,3.681,,,,,,3.58442812889814,,,,,3.4295718100667,,,,,,140.0,118.0
Haití,Latin America and Caribbean,Latin America and Caribbean,,,,119.0,136.0,145.0,,,4.518,4.028,3.6029999256134,3.582,3.597,0.07331,,,,,0.26673,0.34097,0.368610262870789,0.315,0.323,0.74302,0.29561,0.640449821949005,0.714,0.688,0.38847,0.27494,0.277321130037308,0.289,0.449,0.24425,0.12072,0.0303698573261499,0.025,0.026,0.17175,0.14476,0.0998721495270729,0.104,0.11,0.46187,0.47958,0.489203780889511,0.392,0.419,2.24173,2.37116,1.69716763496399,,,,3.893,,,,,4.163,,,,,,3.73471479773521,,,,,3.47128505349159,,,,,,148.0,147.0
Honduras,Latin America and Caribbean,Latin America and Caribbean,,,,105.0,104.0,91.0,,,4.788,4.871,5.18100023269653,5.504,5.86,0.05648,,,,,0.59532,0.69429,0.730573117733002,0.62,0.642,0.95348,0.75596,1.14394497871399,1.205,1.236,0.6951,0.58383,0.582569479942322,0.622,0.828,0.40148,0.26755,0.348079860210419,0.459,0.507,0.06825,0.06906,0.0733454525470734,0.074,0.078,0.23027,0.2044,0.236188873648643,0.197,0.246,1.84408,2.29551,2.06581115722656,,,,4.75,,,,,4.992,,,,,,5.30158279687166,,,,,5.0604176685214,,,,,,72.0,59.0
Hong Kong,Eastern Asia,Eastern Asia,,,,72.0,75.0,,,,5.474,5.458,,5.43,5.43,0.05051,,,,,1.38604,1.5107,,1.405,1.438,1.05818,0.87021,,1.29,1.277,1.01328,0.95277,,1.03,1.122,0.59608,0.48079,,0.524,0.44,0.37124,0.31647,,0.291,0.287,0.39478,0.40097,,0.246,0.258,0.65429,0.92614,,,,,5.362,,,,,5.554,,,,,,,,,,,,,,,,,76.0,76.0
"Hong Kong S.A.R., China",,,,,,,,71.0,,,,,5.47200012207031,,,,,,,,,,1.55167484283447,,,,,1.26279091835022,,,,,0.943062424659729,,,,,0.490968644618988,,,,,0.293933749198914,,,,,0.374465793371201,,,,,0.554633140563965,,,,,,,,,,,,,,,5.54959417313337,,,,,5.39440607100725,,,,,,,
Hungría,Central and Eastern Europe,Central and Eastern Europe,,,,104.0,91.0,75.0,,,4.8,5.145,5.32399988174438,5.62,5.758,0.06107,,,,,1.12094,1.24142,1.2860119342804,1.171,1.201,1.20215,0.93164,1.34313309192657,1.401,1.41,0.75905,0.67608,0.687763452529907,0.732,0.828,0.32112,0.1977,0.175863519310951,0.259,0.199,0.02758,0.04472,0.0366369374096394,0.022,0.02,0.128,0.099,0.0784016624093056,0.061,0.081,1.24074,1.95473,1.71645927429199,,,,5.056,,,,,5.234,,,,,,5.40303970918059,,,,,5.24496005430818,,,,,,69.0,62.0
India,Southern Asia,Southern Asia,,,,117.0,118.0,122.0,,,4.565,4.404,4.31500005722046,4.19,4.015,0.02043,,,,,0.64499,0.74036,0.792221248149872,0.721,0.755,0.38174,0.29247,0.754372596740723,0.747,0.765,0.51529,0.45091,0.455427616834641,0.485,0.588,0.39786,0.40285,0.469987004995346,0.539,0.498,0.08492,0.08722,0.0922268852591515,0.093,0.085,0.26475,0.25028,0.231538489460945,0.172,0.2,2.27513,2.18032,1.5191171169281,,,,4.351,,,,,4.457,,,,,,4.37152201749384,,,,,4.25847809694707,,,,,,133.0,140.0
Indonesia,Southeastern Asia,Southeastern Asia,,,,74.0,79.0,81.0,,,5.399,5.314,5.26200008392334,5.093,5.192,0.02596,,,,,0.82827,0.95104,0.995538592338562,0.899,0.931,1.08708,0.87625,1.27444469928741,1.215,1.203,0.63793,0.49374,0.492345720529556,0.522,0.66,0.46611,0.39237,0.443323463201523,0.538,0.491,0.0,0.00322,0.0153171354904771,0.018,0.028,0.51535,0.56521,0.611704587936401,0.484,0.498,1.86399,2.03171,1.42947697639465,,,,5.237,,,,,5.391,,,,,,5.35288859814405,,,,,5.17111156970263,,,,,,96.0,92.0
Irak,Middle East and Northern Africa,Middle East and Northern Africa,,,,112.0,112.0,117.0,,,4.677,4.575,4.49700021743774,4.456,4.437,0.05232,,,,,0.98549,1.07474,1.10271048545837,1.01,1.043,0.81889,0.59205,0.978613197803497,0.971,0.98,0.60237,0.51076,0.501180469989777,0.536,0.574,0.0,0.24856,0.288555532693863,0.304,0.241,0.13788,0.13636,0.107215754687786,0.095,0.089,0.17922,0.19589,0.19963726401329,0.148,0.148,1.95335,1.81657,1.31890726089478,,,,4.446,,,,,4.704,,,,,,4.62259140968323,,,,,4.37140902519226,,,,,,117.0,126.0
Irlanda,Western Europe,Western Europe,,,,18.0,19.0,15.0,,,6.94,6.907,6.97700023651123,6.977,7.021,0.03676,,,,,1.33596,1.48341,1.53570663928986,1.448,1.499,1.36948,1.16157,1.55823111534119,1.583,1.553,0.89533,0.81455,0.80978262424469,0.876,0.999,0.61777,0.54008,0.573110342025757,0.614,0.516,0.28703,0.29754,0.29838815331459,0.306,0.31,0.45901,0.44963,0.42785832285881,0.307,0.298,1.9757,2.15988,1.77386903762817,,,,6.836,,,,,6.978,,,,,,7.04335166752338,,,,,6.91064880549908,,,,,,14.0,16.0
Irán,Middle East and Northern Africa,Middle East and Northern Africa,,,,110.0,105.0,108.0,,,4.686,4.813,4.69199991226196,4.707,4.548,0.04449,,,,,1.0088,1.11758,1.15687310695648,1.059,1.1,0.54447,0.38857,0.711551249027252,0.771,0.842,0.69805,0.64232,0.639333188533783,0.691,0.785,0.30033,0.22544,0.249322608113289,0.459,0.305,0.05863,0.0557,0.048761073499918,0.129,0.125,0.38086,0.38538,0.387242913246155,0.282,0.27,1.6944,1.99817,1.49873495101929,,,,4.703,,,,,4.923,,,,,,4.79822470769286,,,,,4.58577511683106,,,,,,106.0,117.0
Islandia,Western Europe,Western Europe,,,,2.0,3.0,3.0,,,7.561,7.501,7.50400018692017,7.495,7.494,0.04884,,,,,1.30232,1.42666,1.480633020401,1.343,1.38,1.40223,1.18326,1.6105740070343,1.644,1.624,0.94784,0.86733,0.833552122116089,0.914,1.026,0.62877,0.56624,0.627162635326385,0.677,0.591,0.14145,0.14975,0.153526559472084,0.138,0.118,0.4363,0.47678,0.475540220737457,0.353,0.354,2.70201,2.83137,2.32271528244019,,,,7.333,,,,,7.669,,,,,,7.62203047305346,,,,,7.38596990078688,,,,,,4.0,4.0
Israel,Middle East and Northern Africa,Middle East and Northern Africa,,,,11.0,11.0,11.0,,,7.278,7.267,7.21299982070923,6.814,7.139,0.0347,,,,,1.22857,1.33766,1.37538242340088,1.301,1.276,1.22393,0.99537,1.37628996372223,1.559,1.455,0.91387,0.84917,0.83840399980545,0.883,1.029,0.41319,0.36432,0.405988603830338,0.533,0.371,0.07785,0.08728,0.0852421000599861,0.272,0.082,0.33172,0.32288,0.330082654953003,0.354,0.261,3.08854,3.31029,2.80175733566284,,,,7.199,,,,,7.335,,,,,,7.27985325649381,,,,,7.14614638492465,,,,,,19.0,13.0
Italia,Western Europe,Western Europe,,,,50.0,50.0,48.0,,,5.948,5.977,5.96400022506714,6.0,6.223,0.03914,,,,,1.25114,1.35495,1.39506661891937,1.264,1.294,1.19777,1.04167,1.44492328166962,1.501,1.488,0.95446,0.85102,0.853144347667694,0.946,1.039,0.26236,0.18827,0.256450712680817,0.281,0.231,0.02901,0.02556,0.0280280914157629,0.028,0.03,0.22823,0.16684,0.17278964817524,0.137,0.158,2.02518,2.34918,1.81331205368042,,,,5.898,,,,,6.056,,,,,,6.04273690596223,,,,,5.88526354417205,,,,,,47.0,36.0
Jamaica,Latin America and Caribbean,Latin America and Caribbean,,,,65.0,73.0,76.0,,,5.709,5.51,5.31099987030029,5.89,5.89,0.13693,,,,,0.81038,0.89333,0.925579309463501,0.819,0.831,1.15102,0.96372,1.36821806430817,1.493,1.478,0.68741,0.59469,0.641022384166718,0.693,0.831,0.50442,0.43597,0.474307239055634,0.575,0.49,0.02299,0.04294,0.0552677810192108,0.031,0.028,0.2123,0.22245,0.233818337321281,0.096,0.107,2.32038,2.35682,1.61232566833496,,,,5.315,,,,,5.705,,,,,,5.58139872848988,,,,,5.04060101211071,,,,,,56.0,56.0
Japón,Eastern Asia,Eastern Asia,,,,46.0,53.0,51.0,,,5.987,5.921,5.92000007629395,5.915,5.886,0.03581,,,,,1.27074,1.38007,1.41691517829895,1.294,1.327,1.25712,1.06054,1.43633782863617,1.462,1.419,0.99111,0.91491,0.913475871086121,0.988,1.088,0.49615,0.46761,0.505625545978546,0.553,0.445,0.1806,0.18985,0.163760736584663,0.15,0.14,0.10705,0.10224,0.12057276815176,0.079,0.069,1.68435,1.80584,1.36322355270386,,,,5.85,,,,,5.992,,,,,,5.99071944460273,,,,,5.84928070798516,,,,,,54.0,58.0
Jordania,Middle East and Northern Africa,Middle East and Northern Africa,,,,82.0,80.0,74.0,,,5.192,5.303,5.33599996566772,5.161,4.906,0.04524,,,,,0.90198,0.99673,0.991012394428253,0.822,0.837,1.05392,0.86216,1.23908889293671,1.265,1.225,0.69639,0.60712,0.604590058326721,0.645,0.815,0.40661,0.36023,0.418421149253845,0.468,0.383,0.14293,0.13297,0.11980327218771,0.134,0.13,0.11053,0.14262,0.172170460224152,0.13,0.11,1.87996,2.20142,1.79117655754089,,,,5.187,,,,,5.419,,,,,,5.44841002240777,,,,,5.22358990892768,,,,,,90.0,101.0
Kazajistán,Central and Eastern Europe,Central and Eastern Europe,,,,54.0,54.0,60.0,,,5.855,5.919,5.81899976730347,5.79,5.809,0.04114,,,,,1.12254,1.22943,1.28455626964569,1.143,1.173,1.12241,0.95544,1.38436901569366,1.516,1.508,0.64368,0.57386,0.606041550636292,0.631,0.729,0.51649,0.4052,0.437454283237457,0.454,0.41,0.08454,0.11132,0.119282886385918,0.121,0.096,0.11827,0.15011,0.201964423060417,0.148,0.146,2.24729,2.49325,1.78489255905151,,,,5.837,,,,,6.001,,,,,,5.90364177465439,,,,,5.73435775995255,,,,,,60.0,60.0
Kenia,Sub-Saharan Africa,Sub-Saharan Africa,,,,125.0,122.0,112.0,,,4.419,4.356,4.55299997329712,4.41,4.509,0.04734,,,,,0.36471,0.52267,0.560479462146759,0.493,0.512,0.99876,0.7624,1.06795072555542,1.048,0.983,0.41435,0.30147,0.309988349676132,0.454,0.581,0.42215,0.40576,0.452763766050339,0.504,0.431,0.05839,0.06686,0.0646413192152977,0.055,0.053,0.37542,0.41328,0.444860309362411,0.352,0.372,1.78555,1.88326,1.6519021987915,,,,4.259,,,,,4.453,,,,,,4.65569159060717,,,,,4.45030835598707,,,,,,124.0,121.0
Kirguistán,Central and Eastern Europe,Central and Eastern Europe,,,,77.0,85.0,98.0,,,5.286,5.185,5.00400018692017,5.131,5.261,0.03823,,,,,0.47428,0.56044,0.596220076084137,0.53,0.551,1.15115,0.95434,1.39423859119415,1.416,1.438,0.65088,0.55449,0.553457796573639,0.594,0.723,0.43477,0.40212,0.454943388700485,0.54,0.508,0.04232,0.04762,0.0394391790032387,0.035,0.023,0.3003,0.38432,0.42858037352562,0.281,0.3,2.2327,2.28136,1.53672313690186,,,,5.103,,,,,5.267,,,,,,5.08991990312934,,,,,4.91808047071099,,,,,,92.0,86.0
Kosovo,Central and Eastern Europe,Central and Eastern Europe,,,,69.0,77.0,78.0,,,5.589,5.401,5.27899980545044,5.662,6.1,0.05018,,,,,0.80148,0.90145,0.951484382152557,0.855,0.882,0.81198,0.66062,1.13785350322723,1.23,1.232,0.63132,0.54,0.541452050209045,0.578,0.758,0.24749,0.14396,0.260287940502167,0.448,0.489,0.04741,0.06547,0.0574716180562973,0.023,0.006,0.2831,0.27992,0.319931447505951,0.274,0.262,2.76579,2.80998,2.01054072380066,,,,5.308,,,,,5.494,,,,,,5.36484799548984,,,,,5.19315161541104,,,,,,66.0,46.0
Kuwait,Middle East and Northern Africa,Middle East and Northern Africa,,,,39.0,41.0,39.0,,,6.295,6.239,6.10500001907349,6.083,6.021,0.04456,,,,,1.55422,1.61714,1.63295245170593,1.474,1.5,1.16594,0.87758,1.25969874858856,1.301,1.319,0.72492,0.63569,0.632105708122253,0.675,0.808,0.55499,0.43166,0.496337592601776,0.554,0.493,0.25609,0.23669,0.215159550309181,0.106,0.097,0.16228,0.15965,0.228289797902107,0.167,0.142,1.87634,2.28085,1.64042520523071,,,,6.154,,,,,6.324,,,,,,6.1919569888711,,,,,6.01804304927588,,,,,,45.0,51.0
Laos,Southeastern Asia,Southeastern Asia,,,,99.0,102.0,,,,4.876,4.876,,4.623,4.796,0.06698,,,,,0.59066,0.68042,,0.72,0.764,0.73803,0.5497,,1.034,1.03,0.54909,0.38291,,0.441,0.551,0.59591,0.52168,,0.626,0.547,0.24249,0.22423,,0.174,0.164,0.42192,0.43079,,0.23,0.266,1.73799,2.08637,,,,,4.742,,,,,5.01,,,,,,,,,,,,,,,,,110.0,105.0
Lesoto,Sub-Saharan Africa,,,,,97.0,,139.0,,,4.898,,3.80800008773804,3.808,3.802,0.09438,,,,,0.37545,,0.521021246910095,0.472,0.489,1.04103,,1.19009518623352,1.215,1.169,0.07612,,0.0,0.079,0.168,0.31767,,0.390661299228668,0.423,0.359,0.12504,,0.119094640016556,0.112,0.093,0.16388,,0.157497271895409,0.116,0.107,2.79832,,1.42983531951904,,,,,,,,,,,,,,,4.04434397548437,,,,,3.5716561999917,,,,,,141.0,144.0
Letonia,Central and Eastern Europe,Central and Eastern Europe,,,,89.0,68.0,54.0,,,5.098,5.56,5.84999990463257,5.933,5.94,0.0464,,,,,1.11312,1.21788,1.26074862480164,1.148,1.187,1.09562,0.95025,1.40471494197845,1.454,1.465,0.72437,0.63952,0.638566970825195,0.671,0.812,0.29671,0.27996,0.325707912445068,0.363,0.264,0.06332,0.0889,0.0738427266478539,0.066,0.064,0.18226,0.17445,0.153074786067009,0.092,0.075,1.62215,2.20859,1.99365520477295,,,,5.486,,,,,5.634,,,,,,5.92026353821158,,,,,5.77973627105355,,,,,,53.0,53.0
Liberia,Sub-Saharan Africa,Sub-Saharan Africa,,,,116.0,150.0,148.0,,,4.571,3.622,3.53299999237061,3.495,3.975,0.11068,,,,,0.0712,0.10706,0.119041793048382,0.076,0.073,0.78968,0.50353,0.872117936611176,0.858,0.922,0.34201,0.23165,0.229918196797371,0.267,0.443,0.28531,0.25748,0.332881182432175,0.419,0.37,0.06232,0.04852,0.0389482490718365,0.03,0.033,0.24362,0.24063,0.26654988527298,0.206,0.233,2.77729,2.23284,1.67328596115112,,,,3.463,,,,,3.781,,,,,,3.65375626087189,,,,,3.41224372386932,,,,,,149.0,141.0
Libia,Middle East and Northern Africa,Middle East and Northern Africa,,,,63.0,67.0,68.0,,,5.754,5.615,5.52500009536743,5.566,5.525,0.07832,,,,,1.13145,1.06688,1.10180306434631,0.985,1.044,1.11862,0.95076,1.35756433010101,1.35,1.303,0.7038,0.52304,0.520169019699097,0.553,0.673,0.41668,0.40672,0.465733230113983,0.496,0.416,0.11023,0.10339,0.0926102101802826,0.148,0.152,0.18295,0.17087,0.152073666453362,0.116,0.133,2.09066,2.39374,1.83501124382019,,,,5.406,,,,,5.824,,,,,,5.67695380687714,,,,,5.37304638385773,,,,,,70.0,72.0
Lituania,Central and Eastern Europe,Central and Eastern Europe,,,,56.0,60.0,52.0,,,5.833,5.813,5.90199995040894,5.952,6.149,0.03843,,,,,1.14723,1.2692,1.31458234786987,1.197,1.238,1.25745,1.06411,1.47351610660553,1.527,1.515,0.73128,0.64674,0.62894994020462,0.716,0.818,0.21342,0.18929,0.234231784939766,0.35,0.291,0.01031,0.0182,0.0118656428530812,0.006,0.042,0.02641,0.02025,0.010164656676352,0.026,0.043,2.44649,2.60525,2.22844052314758,,,,5.734,,,,,5.892,,,,,,5.98266964137554,,,,,5.82133025944233,,,,,,50.0,42.0
Luxemburgo,Western Europe,Western Europe,,,,17.0,20.0,18.0,,,6.946,6.871,6.86299991607666,6.91,7.09,0.03499,,,,,1.56391,1.69752,1.74194359779358,1.576,1.609,1.21963,1.03999,1.45758366584778,1.52,1.479,0.91894,0.84542,0.845089495182037,0.896,1.012,0.61583,0.5487,0.59662789106369,0.632,0.526,0.37798,0.35329,0.31883442401886,0.321,0.316,0.28034,0.27571,0.283180981874466,0.196,0.194,1.96961,2.11055,1.61951208114624,,,,6.804,,,,,6.938,,,,,,6.92368609987199,,,,,6.80231373228133,,,,,,17.0,14.0
Líbano,Middle East and Northern Africa,Middle East and Northern Africa,,,,103.0,93.0,88.0,,,4.839,5.129,5.22499990463257,5.358,5.197,0.04337,,,,,1.02564,1.12268,1.07498753070831,0.965,0.987,0.80001,0.64184,1.12962424755096,1.179,1.224,0.83947,0.76171,0.735081076622009,0.785,0.815,0.33916,0.26228,0.288515985012054,0.503,0.216,0.04582,0.03061,0.037513829767704,0.136,0.027,0.21854,0.23693,0.264450758695602,0.214,0.166,1.57059,2.07339,1.69507384300232,,,,5.031,,,,,5.227,,,,,,5.31888228848577,,,,,5.13111752077937,,,,,,80.0,91.0
Macedonia,Central and Eastern Europe,Central and Eastern Europe,,,,93.0,95.0,92.0,,,5.007,5.121,5.17500019073486,5.185,,0.05376,,,,,0.91851,1.0193,1.06457793712616,0.959,,1.00232,0.78236,1.20789301395416,1.239,,0.73545,0.64738,0.644948184490204,0.691,,0.33457,0.27668,0.325905978679657,0.394,,0.05327,0.07047,0.0602777935564518,0.052,,0.22359,0.23507,0.25376096367836,0.173,,1.73933,2.08947,1.6174693107605,,,,5.017,,,,,5.225,,,,,,5.27217263966799,,,,,5.07782774180174,,,,,,89.0,
Macedonia del Norte,,,,,,,,,,,,,,,5.274,,,,,,,,,,0.983,,,,,1.294,,,,,0.838,,,,,0.345,,,,,0.034,,,,,0.185,,,,,,,,,,,,,,,,,,,,,,,,,,,,,,84.0
Madagascar,Sub-Saharan Africa,Sub-Saharan Africa,,,,147.0,148.0,144.0,,,3.681,3.695,3.64400005340576,3.774,3.933,0.03633,,,,,0.20824,0.27954,0.305808693170547,0.262,0.274,0.66801,0.46115,0.913020372390747,0.908,0.916,0.46721,0.37109,0.375223308801651,0.402,0.555,0.19184,0.13684,0.189196765422821,0.221,0.148,0.08124,0.07506,0.0672319754958153,0.049,0.041,0.21333,0.2204,0.208732530474663,0.155,0.169,1.851,2.15075,1.58461260795593,,,,3.621,,,,,3.769,,,,,,3.71431910589337,,,,,3.57368100091815,,,,,,143.0,143.0
Malasia,Southeastern Asia,Southeastern Asia,,,,61.0,47.0,42.0,,,5.77,6.005,6.08400011062622,6.322,5.339,0.0433,,,,,1.12486,1.25142,1.29121541976929,1.161,1.221,1.07023,0.88025,1.28464603424072,1.258,1.171,0.72394,0.62366,0.618784427642822,0.669,0.828,0.53024,0.39031,0.402264982461929,0.356,0.508,0.10501,0.09081,0.0656007081270218,0.059,0.024,0.33075,0.41474,0.416608929634094,0.311,0.26,1.88541,2.35384,2.00444889068604,,,,5.921,,,,,6.089,,,,,,6.17997963652015,,,,,5.98802058473229,,,,,,35.0,80.0
Malaui,Sub-Saharan Africa,Sub-Saharan Africa,,,,131.0,132.0,136.0,,,4.292,4.156,3.97000002861023,3.587,3.41,0.0613,,,,,0.01604,0.08709,0.233442038297653,0.186,0.191,0.41134,0.147,0.512568831443787,0.541,0.56,0.22562,0.29364,0.315089583396912,0.306,0.495,0.43054,0.4143,0.466914653778076,0.531,0.443,0.06977,0.07564,0.0727116540074348,0.08,0.089,0.33128,0.30968,0.287170469760895,0.21,0.218,2.80791,2.82859,2.08178615570068,,,,4.041,,,,,4.271,,,,,,4.07747881740332,,,,,3.86252123981714,,,,,,147.0,150.0
Malta,Western Europe,Western Europe,,,,37.0,30.0,27.0,,,6.302,6.488,6.52699995040894,6.627,6.726,0.04206,,,,,1.2074,1.30782,1.34327983856201,1.27,1.3,1.30203,1.09879,1.48841166496277,1.525,1.52,0.88721,0.80315,0.821944236755371,0.884,0.999,0.60365,0.54994,0.588767051696777,0.645,0.564,0.13586,0.17554,0.153066068887711,0.142,0.151,0.51752,0.56237,0.574730575084686,0.376,0.375,1.6488,1.99032,1.55686283111572,,,,6.409,,,,,6.567,,,,,,6.59839677289128,,,,,6.45560312792659,,,,,,22.0,22.0
Malí,Sub-Saharan Africa,Sub-Saharan Africa,,,,138.0,135.0,127.0,,,3.995,4.073,4.19000005722046,4.447,4.39,0.05602,,,,,0.26074,0.31292,0.476180493831635,0.37,0.385,1.03526,0.86333,1.28147339820862,1.233,1.105,0.20583,0.16347,0.169365674257278,0.152,0.308,0.38857,0.27544,0.306613743305206,0.367,0.327,0.12352,0.13647,0.104970246553421,0.056,0.052,0.18798,0.21064,0.183354198932648,0.139,0.153,1.79293,2.11087,1.66819095611572,,,,3.988,,,,,4.158,,,,,,4.26967071101069,,,,,4.11032940343022,,,,,,118.0,128.0
Marruecos,Middle East and Northern Africa,Middle East and Northern Africa,,,,92.0,90.0,84.0,,,5.013,5.151,5.2350001335144,5.254,5.208,0.0342,,,,,0.73479,0.84058,0.878114581108093,0.779,0.801,0.64095,0.38595,0.774864435195923,0.797,0.782,0.60954,0.59471,0.59771066904068,0.669,0.782,0.41691,0.25646,0.408158332109451,0.46,0.418,0.08546,0.08404,0.0877631828188896,0.074,0.076,0.07172,0.04053,0.0322099551558495,0.026,0.036,2.45373,2.94891,2.45618939399719,,,,5.058,,,,,5.244,,,,,,5.31834096476436,,,,,5.15165930226445,,,,,,85.0,89.0
Mauricio,Sub-Saharan Africa,Sub-Saharan Africa,,,,71.0,66.0,64.0,,,5.477,5.648,5.62900018692017,5.891,5.888,0.07197,,,,,1.00761,1.14372,1.18939554691315,1.09,1.12,0.98521,0.75695,1.20956099033356,1.387,1.402,0.7095,0.66189,0.638007462024689,0.684,0.798,0.56066,0.46145,0.491247326135635,0.584,0.498,0.07521,0.05203,0.0421815551817417,0.05,0.06,0.37744,0.36951,0.360933750867844,0.245,0.215,1.76145,2.20223,1.6975839138031,,,,5.507,,,,,5.789,,,,,,5.72986219167709,,,,,5.52813818216324,,,,,,55.0,57.0
Mauritania,Sub-Saharan Africa,Sub-Saharan Africa,,,,124.0,130.0,123.0,,,4.436,4.201,4.29199981689453,4.356,4.49,0.03947,,,,,0.45407,0.61391,0.648457288742065,0.557,0.57,0.86908,0.84142,1.2720308303833,1.245,1.167,0.35874,0.28639,0.285349279642105,0.292,0.489,0.24232,0.1268,0.0960980430245399,0.129,0.066,0.17461,0.17955,0.136957004666328,0.093,0.088,0.219,0.22686,0.201870024204254,0.134,0.106,2.11773,1.9263,1.65163731575012,,,,4.127,,,,,4.275,,,,,,4.37716361626983,,,,,4.20683601751924,,,,,,126.0,122.0
Moldavia,Central and Eastern Europe,Central and Eastern Europe,,,,52.0,55.0,56.0,,,5.889,5.897,5.83799982070923,5.64,5.529,0.03799,,,,,0.59448,0.69177,0.728870630264282,0.657,0.685,1.01528,0.83132,1.25182557106018,1.301,1.328,0.61826,0.52309,0.589465200901031,0.62,0.739,0.32818,0.25202,0.240729048848152,0.232,0.245,0.01615,0.01903,0.0100912861526012,0.0,0.0,0.20951,0.19997,0.208779126405716,0.171,0.181,3.10712,3.38007,2.80780839920044,,,,5.823,,,,,5.971,,,,,,5.90837083846331,,,,,5.76762880295515,,,,,,67.0,71.0
Mongolia,Eastern Asia,Eastern Asia,,,,100.0,101.0,100.0,,,4.874,4.907,4.95499992370605,5.125,5.285,0.03313,,,,,0.82819,0.98853,1.02723586559296,0.914,0.948,1.3006,1.08983,1.4930112361908,1.517,1.531,0.60268,0.55469,0.557783484458923,0.575,0.667,0.43626,0.35972,0.394143968820572,0.395,0.317,0.02666,0.03285,0.0329022891819477,0.032,0.038,0.3323,0.34539,0.338464230298996,0.253,0.235,1.34759,1.53586,1.11129236221313,,,,4.838,,,,,4.976,,,,,,5.0216795091331,,,,,4.88832033827901,,,,,,94.0,83.0
Montenegro,Central and Eastern Europe,Central and Eastern Europe,,,,82.0,88.0,83.0,,,5.192,5.161,5.23699998855591,5.347,5.523,0.05235,,,,,0.97438,1.07838,1.12112903594971,1.017,1.051,0.90557,0.74173,1.23837649822235,1.279,1.361,0.72521,0.63533,0.667464673519135,0.729,0.871,0.1826,0.15111,0.194989055395126,0.259,0.197,0.14296,0.12721,0.0881741940975189,0.081,0.08,0.1614,0.17191,0.197911024093628,0.111,0.142,2.10017,2.25531,1.72919154167175,,,,5.055,,,,,5.267,,,,,,5.34104444056749,,,,,5.13295553654432,,,,,,81.0,73.0
Mozambique,Sub-Saharan Africa,,,,,94.0,,113.0,,,4.971,,4.55000019073486,4.417,4.466,0.07896,,,,,0.08308,,0.234305649995804,0.198,0.204,1.02626,,0.870701014995575,0.902,0.986,0.09131,,0.106654435396194,0.173,0.39,0.34037,,0.480791091918945,0.531,0.494,0.15603,,0.179436385631561,0.158,0.138,0.22269,,0.322228103876114,0.206,0.197,3.05137,,2.35565090179443,,,,,,,,,,,,,,,4.77410232633352,,,,,4.3258980551362,,,,,,123.0,123.0
México,Latin America and Caribbean,Latin America and Caribbean,,,,14.0,21.0,25.0,,,7.187,6.778,6.57800006866455,6.488,6.595,0.04176,,,,,1.02054,1.11508,1.15318381786346,1.038,1.07,0.91451,0.7146,1.210862159729,1.252,1.323,0.81444,0.71143,0.709978997707367,0.761,0.861,0.48181,0.37709,0.412730008363724,0.479,0.433,0.21312,0.18355,0.132774114608765,0.095,0.073,0.14074,0.11735,0.120990432798862,0.069,0.074,3.60214,3.55906,2.83715486526489,,,,6.68,,,,,6.876,,,,,,6.67114890769124,,,,,6.48485122963786,,,,,,24.0,23.0
Namibia,,Sub-Saharan Africa,,,,,113.0,111.0,,,,4.574,4.57399988174438,4.441,4.639,,,,,,,0.93287,0.964434325695038,0.874,0.879,,0.70362,1.0984708070755,1.281,1.313,,0.34745,0.33861181139946,0.365,0.477,,0.48614,0.520303547382355,0.519,0.401,,0.10398,0.0931469723582268,0.064,0.056,,0.07795,0.0771337449550629,0.051,0.07,,1.92198,1.4818902015686,,,,4.374,,,,,4.774,,,,,,4.77035474091768,,,,,4.37764502257109,,,,,,119.0,113.0
Nepal,Southern Asia,Southern Asia,,,,121.0,107.0,99.0,,,4.514,4.793,4.96199989318848,4.88,4.913,0.03607,,,,,0.35997,0.44626,0.479820191860199,0.425,0.446,0.86449,0.69699,1.17928326129913,1.228,1.226,0.56874,0.50073,0.504130780696869,0.539,0.677,0.38282,0.37012,0.440305948257446,0.526,0.439,0.05907,0.07008,0.0729755461215973,0.078,0.089,0.32296,0.3816,0.394096165895462,0.302,0.285,1.95637,2.32694,1.8912410736084,,,,4.698,,,,,4.888,,,,,,5.06735607936978,,,,,4.85664370700717,,,,,,101.0,100.0
Nicaragua,Latin America and Caribbean,Latin America and Caribbean,,,,57.0,48.0,43.0,,,5.828,5.992,6.07100009918213,6.141,6.105,0.05371,,,,,0.59325,0.69384,0.737299203872681,0.668,0.694,1.14184,0.89521,1.28721570968628,1.319,1.325,0.74314,0.65213,0.653095960617065,0.7,0.835,0.55475,0.46582,0.447551846504211,0.527,0.435,0.19317,0.16292,0.130687981843948,0.128,0.127,0.27815,0.29773,0.301674216985703,0.208,0.2,2.32407,2.82428,2.51393055915833,,,,5.877,,,,,6.107,,,,,,6.18658360034227,,,,,5.95541659802198,,,,,,41.0,45.0
Nigeria,Sub-Saharan Africa,Sub-Saharan Africa,,,,78.0,103.0,95.0,,,5.268,4.875,5.07399988174438,5.155,5.265,0.04192,,,,,0.65435,0.75216,0.783756256103516,0.689,0.696,0.90432,0.64498,1.21577048301697,1.172,1.111,0.16007,0.05108,0.0569157302379608,0.048,0.245,0.34334,0.27854,0.394952565431595,0.462,0.426,0.0403,0.0305,0.0261215660721064,0.032,0.041,0.27233,0.23219,0.230947196483612,0.201,0.215,2.89319,2.88586,2.36539053916931,,,,4.75,,,,,5.0,,,,,,5.20950013548136,,,,,4.93849962800741,,,,,,91.0,85.0
North Cyprus,Western Europe,Western Europe,,,,66.0,62.0,61.0,,,5.695,5.771,5.80999994277954,,,0.05635,,,,,1.20806,1.31141,1.3469113111496,,,1.07008,0.81826,1.18630337715149,,,0.92356,0.84142,0.834647238254547,,,0.49027,0.43596,0.471203625202179,,,0.1428,0.16578,0.155353352427483,,,0.26169,0.26322,0.266845703125,,,1.59888,1.93447,1.54915761947632,,,,5.67,,,,,5.872,,,,,,5.89736646488309,,,,,5.72263342067599,,,,,,,
Northern Cyprus,,,,,,,,,,,,,,5.835,5.718,,,,,,,,,1.229,1.263,,,,1.211,1.252,,,,0.909,1.042,,,,0.495,0.417,,,,0.154,0.162,,,,0.179,0.191,,,,,,,,,,,,,,,,,,,,,,,,,,,,,58.0,64.0
Noruega,Western Europe,Western Europe,,,,4.0,4.0,1.0,,,7.522,7.498,7.53700017929077,7.594,7.554,0.0388,,,,,1.459,1.57744,1.61646318435669,1.456,1.488,1.33095,1.1269,1.53352355957031,1.582,1.582,0.88521,0.79579,0.796666502952576,0.861,1.028,0.66973,0.59609,0.635422587394714,0.686,0.603,0.36503,0.35776,0.315963834524155,0.34,0.341,0.34699,0.37895,0.36201223731041,0.286,0.271,2.46531,2.66465,2.27702665328979,,,,7.421,,,,,7.575,,,,,,7.59444482058287,,,,,7.47955553799868,,,,,,2.0,3.0
Nueva Zelanda,Australia and New Zealand,Australia and New Zealand,,,,9.0,8.0,8.0,,,7.286,7.334,7.31400012969971,7.324,7.307,0.03371,,,,,1.25018,1.36066,1.40570604801178,1.268,1.303,1.31967,1.17278,1.54819512367249,1.601,1.557,0.90837,0.83096,0.816759705543518,0.876,1.026,0.63938,0.58147,0.614062130451202,0.669,0.585,0.42922,0.41904,0.382816702127457,0.389,0.38,0.47501,0.49401,0.500005125999451,0.365,0.33,2.26425,2.47553,2.0464563369751,,,,7.264,,,,,7.404,,,,,,7.3795104418695,,,,,7.24848981752992,,,,,,8.0,8.0
Níger,Sub-Saharan Africa,Sub-Saharan Africa,,,,144.0,142.0,135.0,,,3.845,3.856,4.02799987792969,4.166,4.628,0.03602,,,,,0.0694,0.1327,0.161925330758095,0.131,0.138,0.77265,0.6053,0.993025004863739,0.867,0.774,0.29707,0.26162,0.26850500702858,0.221,0.366,0.47692,0.38041,0.36365869641304,0.39,0.318,0.15639,0.17176,0.138572946190834,0.099,0.102,0.19387,0.2097,0.228673845529556,0.175,0.188,1.87877,2.09469,1.87398338317871,,,,3.781,,,,,3.931,,,,,,4.11194681972265,,,,,3.94405293613672,,,,,,134.0,114.0
Omán,Middle East and Northern Africa,,,,,22.0,,,,,6.853,,,,,0.05335,,,,,1.36011,,,,,1.08182,,,,,0.76276,,,,,0.63274,,,,,0.32524,,,,,0.21542,,,,,2.47489,,,,,,,,,,,,,,,,,,,,,,,,,,,,,
Pakistán,Southern Asia,Southern Asia,,,,81.0,92.0,80.0,,,5.194,5.132,5.26900005340576,5.472,5.653,0.03726,,,,,0.59543,0.68816,0.72688353061676,0.652,0.677,0.41411,0.26135,0.672690689563751,0.81,0.886,0.51466,0.40306,0.402047783136368,0.424,0.535,0.12102,0.14622,0.23521526157856,0.334,0.313,0.10464,0.1388,0.124348066747189,0.113,0.098,0.33671,0.31185,0.315446019172668,0.216,0.22,3.10709,3.18286,2.79248929023743,,,,5.038,,,,,5.226,,,,,,5.35998364135623,,,,,5.17801646545529,,,,,,75.0,67.0
Panamá,Latin America and Caribbean,Latin America and Caribbean,,,,25.0,25.0,30.0,,,6.786,6.701,6.4520001411438,6.43,6.321,0.0491,,,,,1.06353,1.18306,1.23374843597412,1.112,1.149,1.1985,0.98912,1.37319254875183,1.438,1.442,0.79661,0.70835,0.706156134605408,0.759,0.91,0.5421,0.48927,0.550026834011078,0.597,0.516,0.0927,0.08423,0.070983923971653,0.063,0.054,0.24434,0.2418,0.21055693924427,0.125,0.109,2.84848,3.00559,2.30719995498657,,,,6.601,,,,,6.801,,,,,,6.55713071614504,,,,,6.34686956614256,,,,,,27.0,31.0
Paraguay,Latin America and Caribbean,Latin America and Caribbean,,,,53.0,70.0,70.0,,,5.878,5.538,5.49300003051758,5.681,5.743,0.04563,,,,,0.75985,0.89373,0.932537317276001,0.835,0.855,1.30477,1.11111,1.50728487968445,1.522,1.475,0.66098,0.58295,0.579250693321228,0.615,0.777,0.53899,0.46235,0.473507791757584,0.541,0.514,0.08242,0.07396,0.091065913438797,0.074,0.08,0.3424,0.25296,0.224150657653809,0.162,0.184,2.18896,2.16091,1.6853334903717,,,,5.453,,,,,5.623,,,,,,5.57738126963377,,,,,5.40861879140139,,,,,,64.0,63.0
Países Bajos,Western Europe,Western Europe,,,,7.0,7.0,6.0,,,7.378,7.339,7.3769998550415,7.441,7.488,0.02799,,,,,1.32944,1.46468,1.50394463539124,1.361,1.396,1.28017,1.02912,1.42893922328949,1.488,1.522,0.89284,0.81231,0.810696125030518,0.878,0.999,0.61576,0.55211,0.585384488105774,0.638,0.557,0.31814,0.29927,0.282661825418472,0.295,0.298,0.4761,0.47416,0.470489829778671,0.333,0.322,2.4657,2.70749,2.29480409622192,,,,7.284,,,,,7.394,,,,,,7.42742584124207,,,,,7.32657386884093,,,,,,6.0,5.0
Perú,Latin America and Caribbean,Latin America and Caribbean,,,,58.0,64.0,63.0,,,5.824,5.743,5.71500015258789,5.663,5.697,0.04615,,,,,0.90019,0.99602,1.03522527217865,0.934,0.96,0.97459,0.81255,1.21877038478851,1.249,1.274,0.73017,0.62994,0.630166113376617,0.674,0.854,0.41496,0.37502,0.450002878904343,0.53,0.455,0.05989,0.05292,0.0470490865409374,0.034,0.027,0.14982,0.14527,0.126819714903831,0.092,0.083,2.5945,2.73117,2.20726943016052,,,,5.647,,,,,5.839,,,,,,5.81194677859545,,,,,5.61805352658033,,,,,,65.0,65.0
Polonia,Central and Eastern Europe,Central and Eastern Europe,,,,60.0,57.0,46.0,,,5.791,5.835,5.97300004959106,6.123,6.182,0.04263,,,,,1.12555,1.24585,1.29178786277771,1.176,1.206,1.27948,1.04685,1.44571197032928,1.448,1.438,0.77903,0.69058,0.699475347995758,0.781,0.884,0.53122,0.4519,0.520342111587524,0.546,0.483,0.04212,0.055,0.0593078061938286,0.064,0.05,0.16759,0.14443,0.158465966582298,0.108,0.117,1.86565,2.20035,1.79772281646729,,,,5.749,,,,,5.921,,,,,,6.05390834122896,,,,,5.89209175795317,,,,,,42.0,40.0
Portugal,Western Europe,Western Europe,,,,88.0,94.0,89.0,,,5.102,5.123,5.19500017166138,5.41,5.693,0.04802,,,,,1.15991,1.27607,1.3151752948761,1.188,1.221,1.13935,0.94367,1.36704301834106,1.429,1.431,0.87519,0.79363,0.795843541622162,0.884,0.999,0.51469,0.44727,0.498465299606323,0.562,0.508,0.01078,0.01521,0.0158694516867399,0.017,0.025,0.13719,0.11691,0.0951027125120163,0.055,0.047,1.26462,1.53015,1.10768270492554,,,,5.03,,,,,5.216,,,,,,5.28504173308611,,,,,5.10495861023665,,,,,,77.0,66.0
Puerto Rico,,Latin America and Caribbean,,,,,15.0,,,,,7.039,,,,,,,,,,1.35943,,,,,1.08113,,,,,0.77758,,,,,0.46823,,,,,0.12275,,,,,0.22202,,,,,3.0076,,,,,6.794,,,,,7.284,,,,,,,,,,,,,,,,,,
Reino Unido,Western Europe,Western Europe,,,,21.0,23.0,19.0,,,6.867,6.725,6.71400022506714,7.19,7.054,0.01866,,,,,1.26637,1.40283,1.44163393974304,1.244,1.333,1.28548,1.08672,1.49646008014679,1.433,1.538,0.90943,0.80991,0.805335938930511,0.888,0.996,0.59625,0.50036,0.508190035820007,0.464,0.45,0.32067,0.27399,0.265428066253662,0.082,0.278,0.51912,0.50156,0.492774158716202,0.262,0.348,1.96994,2.14999,1.70414352416992,,,,6.647,,,,,6.803,,,,,,6.78379176110029,,,,,6.64420868903399,,,,,,11.0,15.0
República Centroafricana,Sub-Saharan Africa,,,,,148.0,,155.0,,,3.678,,2.69300007820129,3.083,3.083,0.06112,,,,,0.0785,,0.0,0.024,0.026,0.0,,0.0,0.0,0.0,0.06699,,0.0187726859003305,0.01,0.105,0.48879,,0.270842045545578,0.305,0.225,0.08289,,0.0565650761127472,0.038,0.035,0.23835,,0.280876487493515,0.218,0.235,2.7223,,2.06600475311279,,,,,,,,,,,,,,,2.86488426923752,,,,,2.52111588716507,,,,,,155.0,155.0
República Checa,Central and Eastern Europe,Central and Eastern Europe,,,,31.0,27.0,23.0,,,6.505,6.596,6.60900020599365,6.711,6.852,0.04168,,,,,1.17898,1.30915,1.35268235206604,1.233,1.269,1.20643,1.00793,1.43388521671295,1.489,1.487,0.84483,0.76376,0.754444003105164,0.854,0.92,0.46364,0.41418,0.490946173667908,0.543,0.457,0.02652,0.03986,0.0368729270994663,0.034,0.036,0.10686,0.09929,0.0881067588925362,0.064,0.046,2.67782,2.96211,2.45186185836792,,,,6.515,,,,,6.677,,,,,,6.68386246263981,,,,,6.5341379493475,,,,,,21.0,20.0
República Dominicana,Latin America and Caribbean,Latin America and Caribbean,,,,98.0,89.0,86.0,,,4.885,5.155,5.23000001907349,5.302,5.425,0.07446,,,,,0.89537,1.02787,1.07937383651733,0.982,1.015,1.17202,0.99496,1.40241670608521,1.441,1.401,0.66825,0.57669,0.574873745441437,0.614,0.779,0.57672,0.52259,0.55258983373642,0.578,0.497,0.14234,0.12372,0.113945253193378,0.106,0.101,0.21684,0.21286,0.186967849731445,0.12,0.113,1.21305,1.69626,1.31946516036987,,,,5.037,,,,,5.273,,,,,,5.34906088516116,,,,,5.11093915298581,,,,,,83.0,77.0
Ruanda,Sub-Saharan Africa,Sub-Saharan Africa,,,,154.0,152.0,151.0,,,3.465,3.515,3.47099995613098,3.408,3.334,0.03464,,,,,0.22208,0.32846,0.368745893239975,0.332,0.359,0.7737,0.61586,0.945707023143768,0.896,0.711,0.42864,0.31865,0.326424807310104,0.4,0.614,0.59201,0.5432,0.581843852996826,0.636,0.555,0.55191,0.50521,0.455220013856888,0.444,0.411,0.22628,0.23552,0.252756029367447,0.2,0.217,0.67042,0.96819,0.540061235427856,,,,3.444,,,,,3.586,,,,,,3.54303023353219,,,,,3.39896967872977,,,,,,151.0,152.0
Rumania,Central and Eastern Europe,Central and Eastern Europe,,,,86.0,71.0,57.0,,,5.124,5.528,5.82499980926514,5.945,6.07,0.06607,,,,,1.04345,1.1697,1.21768391132355,1.116,1.162,0.88588,0.72803,1.15009129047394,1.219,1.232,0.7689,0.67602,0.685158312320709,0.726,0.825,0.35068,0.36712,0.457003742456436,0.528,0.462,0.00649,0.00679,0.00438790069893,0.001,0.005,0.13748,0.12889,0.133519917726517,0.088,0.083,1.93129,2.45184,2.17683148384094,,,,5.427,,,,,5.629,,,,,,5.91969415679574,,,,,5.73030546173453,,,,,,52.0,48.0
Rusia,Central and Eastern Europe,Central and Eastern Europe,,,,64.0,56.0,49.0,,,5.716,5.856,5.96299982070923,5.81,5.648,0.03135,,,,,1.13764,1.23228,1.28177809715271,1.151,1.183,1.23617,1.05261,1.46928238868713,1.479,1.452,0.66926,0.58991,0.547349333763123,0.599,0.726,0.36679,0.32682,0.373783111572266,0.399,0.334,0.03005,0.03586,0.0329628810286522,0.025,0.031,0.00199,0.02736,0.0522638224065304,0.065,0.082,2.27394,2.59115,2.20560741424561,,,,5.789,,,,,5.923,,,,,,6.03027490749955,,,,,5.89572473391891,,,,,,59.0,68.0
Senegal,Sub-Saharan Africa,Sub-Saharan Africa,,,,142.0,128.0,115.0,,,3.904,4.219,4.53499984741211,4.631,4.681,0.03608,,,,,0.36498,0.44314,0.479309022426605,0.429,0.45,0.97619,0.77416,1.17969191074371,1.117,1.134,0.4354,0.40457,0.409362852573395,0.433,0.571,0.36772,0.31056,0.377922266721725,0.406,0.292,0.10713,0.11681,0.115460447967052,0.082,0.072,0.20843,0.19103,0.183468893170357,0.138,0.153,1.44395,1.97861,1.78964614868164,,,,4.151,,,,,4.287,,,,,,4.6016037812829,,,,,4.46839591354132,,,,,,109.0,111.0
Serbia,Central and Eastern Europe,Central and Eastern Europe,,,,87.0,86.0,73.0,,,5.123,5.177,5.39499998092651,5.398,5.603,0.04864,,,,,0.92053,1.03437,1.06931757926941,0.975,1.004,1.00964,0.81329,1.25818979740143,1.369,1.383,0.74836,0.6458,0.65078467130661,0.685,0.854,0.20107,0.15718,0.208715528249741,0.288,0.282,0.02617,0.04339,0.0409037806093693,0.043,0.039,0.19231,0.20737,0.220125883817673,0.134,0.137,2.025,2.27539,1.94708442687988,,,,5.083,,,,,5.271,,,,,,5.49156965613365,,,,,5.29843030571938,,,,,,78.0,70.0
Sierra Leona,Sub-Saharan Africa,Sub-Saharan Africa,,,,123.0,111.0,106.0,,,4.507,4.635,4.70900011062622,4.571,4.374,0.07068,,,,,0.33024,0.36485,0.36842092871666,0.256,0.268,0.95571,0.628,0.984136044979095,0.813,0.841,0.0,0.0,0.0055647538974881,0.0,0.242,0.4084,0.30685,0.318697690963745,0.355,0.309,0.08786,0.08196,0.0710951760411263,0.053,0.045,0.21488,0.23897,0.293040901422501,0.238,0.252,2.51009,3.01402,2.66845989227295,,,,4.505,,,,,4.765,,,,,,4.85064333498478,,,,,4.56735688626766,,,,,,113.0,129.0
Singapur,Southeastern Asia,Southeastern Asia,,,,24.0,22.0,26.0,,,6.798,6.739,6.57200002670288,6.343,6.262,0.0378,,,,,1.52186,1.64555,1.69227766990662,1.529,1.572,1.02,0.86758,1.35381436347961,1.451,1.463,1.02525,0.94719,0.949492394924164,1.008,1.141,0.54252,0.4877,0.549840569496155,0.631,0.556,0.4921,0.46987,0.46430778503418,0.457,0.453,0.31105,0.32706,0.345965981483459,0.261,0.271,1.88501,1.99375,1.21636199951172,,,,6.674,,,,,6.804,,,,,,6.63672306910157,,,,,6.50727698430419,,,,,,34.0,34.0
Siria,Middle East and Northern Africa,Middle East and Northern Africa,,,,156.0,156.0,152.0,,,3.006,3.069,3.46199989318848,3.462,3.462,0.05015,,,,,0.6632,0.74719,0.777153134346008,0.689,0.619,0.47489,0.14866,0.396102607250214,0.382,0.378,0.72193,0.62994,0.50053334236145,0.539,0.44,0.15684,0.06912,0.0815394446253777,0.088,0.013,0.18906,0.17233,0.151347130537033,0.144,0.141,0.47179,0.48397,0.493663728237152,0.376,0.331,0.32858,0.81789,1.06157350540161,,,,2.936,,,,,3.202,,,,,,3.66366855680943,,,,,3.26033122956753,,,,,,150.0,149.0
Somalia,,Sub-Saharan Africa,,,,,76.0,93.0,,,,5.44,5.15100002288818,4.982,4.668,,,,,,,0.0,0.0226431842893362,0.0,0.0,,0.33613,0.721151351928711,0.712,0.698,,0.11466,0.113989137113094,0.115,0.268,,0.56778,0.602126955986023,0.674,0.559,,0.3118,0.282410323619843,0.282,0.27,,0.27225,0.291631311178207,0.238,0.243,,3.83772,3.11748456954956,,,,5.321,,,,,5.559,,,,,,5.24248370990157,,,,,5.0595163358748,,,,,,98.0,112.0
Somaliland Region,,Sub-Saharan Africa,,,,,97.0,,,,,5.057,,,,,,,,,,0.25558,,,,,0.75862,,,,,0.33108,,,,,0.3913,,,,,0.36794,,,,,0.51479,,,,,2.43801,,,,,4.934,,,,,5.18,,,,,,,,,,,,,,,,,,
Somaliland region,Sub-Saharan Africa,,,,,91.0,,,,,5.057,,,,,0.06161,,,,,0.18847,,,,,0.95152,,,,,0.43873,,,,,0.46582,,,,,0.39928,,,,,0.50318,,,,,2.11032,,,,,,,,,,,,,,,,,,,,,,,,,,,,,
Sri Lanka,Southern Asia,Southern Asia,,,,132.0,117.0,120.0,,,4.271,4.415,4.44000005722046,4.471,4.366,0.03751,,,,,0.83524,0.97318,1.00985014438629,0.918,0.949,1.01905,0.84783,1.25997638702393,1.314,1.265,0.70806,0.62007,0.625130832195282,0.672,0.831,0.53726,0.50817,0.561213254928589,0.585,0.47,0.09179,0.07964,0.0736539661884308,0.05,0.047,0.40828,0.46978,0.490863561630249,0.307,0.244,0.67108,0.91681,0.419389247894287,,,,4.322,,,,,4.508,,,,,,4.55344719231129,,,,,4.32655292212963,,,,,,116.0,130.0
Sudáfrica,Sub-Saharan Africa,Sub-Saharan Africa,,,,113.0,116.0,101.0,,,4.642,4.459,4.8289999961853,4.724,4.722,0.04585,,,,,0.92049,1.02416,1.05469870567322,0.94,0.96,1.18468,0.96053,1.38478863239288,1.41,1.351,0.27688,0.18611,0.187080070376396,0.33,0.469,0.33207,0.42483,0.479246735572815,0.516,0.389,0.08884,0.08415,0.0725094974040985,0.056,0.055,0.11973,0.13656,0.139362379908562,0.103,0.13,1.71956,1.64227,1.51090860366821,,,,4.371,,,,,4.547,,,,,,4.92943518772721,,,,,4.72856480464339,,,,,,105.0,106.0
Sudán,Sub-Saharan Africa,Sub-Saharan Africa,,,,118.0,133.0,130.0,,,4.55,4.139,4.13899993896484,4.139,,0.0674,,,,,0.52107,0.63069,0.65951669216156,0.605,,1.01404,0.81928,1.21400856971741,1.24,,0.36878,0.29759,0.290920823812485,0.312,,0.10081,0.0,0.0149958552792668,0.016,,0.1466,0.10039,0.089847519993782,0.082,,0.19062,0.18077,0.182317450642586,0.134,,2.20857,2.10995,1.68706583976746,,,,3.928,,,,,4.35,,,,,,4.34574716508389,,,,,3.9322527128458,,,,,,137.0,
Sudán del Sur,,Sub-Saharan Africa,,,,,143.0,147.0,,,,3.832,3.59100008010864,3.254,2.853,,,,,,,0.39394,0.39724862575531,0.337,0.306,,0.18519,0.601323127746582,0.608,0.575,,0.15781,0.163486003875732,0.177,0.295,,0.19662,0.147062435746193,0.112,0.01,,0.13015,0.116793513298035,0.106,0.091,,0.25899,0.285670816898346,0.224,0.202,,2.50929,1.87956738471985,,,,3.596,,,,,4.068,,,,,,3.72553858578205,,,,,3.45646157443523,,,,,,154.0,156.0
Suecia,Western Europe,Western Europe,,,,8.0,10.0,9.0,,,7.364,7.291,7.28399991989136,7.314,7.343,0.03157,,,,,1.33171,1.45181,1.49438726902008,1.355,1.387,1.28907,1.08764,1.47816216945648,1.501,1.487,0.91087,0.83121,0.830875158309937,0.913,1.009,0.6598,0.58218,0.612924098968506,0.659,0.574,0.43844,0.40867,0.384398728609085,0.383,0.373,0.36262,0.38254,0.385399252176285,0.285,0.267,2.37119,2.54734,2.09753799438477,,,,7.227,,,,,7.355,,,,,,7.34409487739205,,,,,7.22390496239066,,,,,,9.0,7.0
Suiza,Western Europe,Western Europe,,,,1.0,2.0,4.0,,,7.587,7.509,7.49399995803833,7.487,7.48,0.03411,,,,,1.39651,1.52733,1.56497955322266,1.42,1.452,1.34951,1.14524,1.51691174507141,1.549,1.526,0.94143,0.86303,0.858131289482117,0.927,1.052,0.66557,0.58557,0.620070576667786,0.66,0.572,0.41978,0.41203,0.367007285356522,0.357,0.343,0.29678,0.28083,0.290549278259277,0.256,0.263,2.51738,2.69463,2.2767162322998,,,,7.428,,,,,7.59,,,,,,7.56177242040634,,,,,7.42622749567032,,,,,,5.0,6.0
Surinam,Latin America and Caribbean,Latin America and Caribbean,,,,40.0,40.0,,,,6.269,6.269,,,,0.09811,,,,,0.99534,1.09686,,,,0.972,0.77866,,,,0.6082,0.50933,,,,0.59657,0.52234,,,,0.13633,0.12692,,,,0.16991,0.16665,,,,2.79094,3.06852,,,,,6.073,,,,,6.465,,,,,,,,,,,,,,,,,,
Swaziland,Sub-Saharan Africa,,,,,101.0,,,,,4.867,,,,4.212,0.08742,,,,,0.71206,,,,0.811,1.07284,,,,1.149,0.07566,,,,0.0,0.30658,,,,0.313,0.0306,,,,0.135,0.18259,,,,0.074,2.48676,,,,,,,,,,,,,,,,,,,,,,,,,,,,,135.0
Tailandia,Southeastern Asia,Southeastern Asia,,,,34.0,33.0,32.0,,,6.455,6.474,6.42399978637695,6.072,6.008,0.03557,,,,,0.9669,1.0893,1.12786877155304,1.016,1.05,1.26504,1.04477,1.42579245567322,1.417,1.409,0.7385,0.64915,0.647239029407501,0.707,0.828,0.55664,0.49553,0.580200731754303,0.637,0.557,0.03187,0.02833,0.0316127352416515,0.029,0.028,0.5763,0.58696,0.572123110294342,0.364,0.359,2.31945,2.5796,2.03950834274292,,,,6.396,,,,,6.552,,,,,,6.50911685571074,,,,,6.33888271704316,,,,,,46.0,52.0
Taiwan,Eastern Asia,Eastern Asia,,,,38.0,34.0,,,,6.298,6.379,,6.441,6.446,0.03868,,,,,1.29098,1.39729,,1.365,1.368,1.07617,0.92624,,1.436,1.43,0.8753,0.79565,,0.857,0.914,0.3974,0.32377,,0.418,0.351,0.08129,0.0663,,0.078,0.097,0.25376,0.25495,,0.151,0.242,2.32323,2.61523,,,,,6.305,,,,,6.453,,,,,,,,,,,,,,,,,26.0,25.0
Taiwan Province of China,,,,,,,,33.0,,,,,6.42199993133545,,,,,,,,,,1.43362653255463,,,,,1.38456535339355,,,,,0.793984234333038,,,,,0.361466586589813,,,,,0.0638292357325554,,,,,0.258360475301743,,,,,2.1266074180603,,,,,,,,,,,,,,,6.49459602192044,,,,,6.34940384075046,,,,,,,
Tanzania,Sub-Saharan Africa,Sub-Saharan Africa,,,,146.0,149.0,153.0,,,3.781,3.666,3.34899997711182,3.303,3.231,0.05061,,,,,0.2852,0.47155,0.511135876178741,0.455,0.476,1.00268,0.77623,1.04198980331421,0.991,0.885,0.38215,0.357,0.364509284496307,0.381,0.499,0.32878,0.3176,0.390017777681351,0.481,0.417,0.05747,0.05099,0.0660351067781448,0.097,0.147,0.34377,0.31472,0.354256361722946,0.27,0.276,1.38079,1.37769,0.621130466461182,,,,3.561,,,,,3.771,,,,,,3.46142975538969,,,,,3.23657019883394,,,,,,153.0,153.0
Tayikistán,Central and Eastern Europe,Central and Eastern Europe,,,,106.0,100.0,96.0,,,4.786,4.996,5.04099988937378,5.199,5.467,0.03198,,,,,0.39047,0.48835,0.524713635444641,0.474,0.493,0.85563,0.75602,1.27146327495575,1.166,1.098,0.57379,0.53119,0.529235124588013,0.598,0.718,0.47216,0.43408,0.471566706895828,0.292,0.389,0.15072,0.13509,0.146377146244049,0.034,0.144,0.22974,0.25998,0.248997643589973,0.187,0.23,2.11399,2.39106,1.84904932975769,,,,4.923,,,,,5.069,,,,,,5.11142559587956,,,,,4.970574182868,,,,,,88.0,74.0
Territorios Palestinos,Middle East and Northern Africa,Middle East and Northern Africa,,,,108.0,108.0,103.0,,,4.715,4.754,4.77500009536743,4.743,4.696,0.04394,,,,,0.59867,0.67024,0.716249227523804,0.642,0.657,0.92558,0.71629,1.15564715862274,1.217,1.247,0.66015,0.56844,0.565666973590851,0.602,0.672,0.24499,0.17744,0.25471106171608,0.266,0.225,0.12905,0.10613,0.0892826020717621,0.076,0.066,0.11251,0.11154,0.114173173904419,0.086,0.103,2.04384,2.40364,1.8788902759552,,,,4.649,,,,,4.859,,,,,,4.88184834256768,,,,,4.66815184816718,,,,,,104.0,110.0
Togo,Sub-Saharan Africa,Sub-Saharan Africa,,,,158.0,155.0,150.0,,,2.839,3.303,3.49499988555908,3.999,4.085,0.06727,,,,,0.20868,0.28123,0.305444717407227,0.259,0.275,0.13995,0.0,0.431882530450821,0.474,0.572,0.28443,0.24811,0.247105568647385,0.253,0.41,0.36453,0.34678,0.38042613863945,0.434,0.293,0.10731,0.11587,0.0956650152802467,0.101,0.085,0.16681,0.17517,0.196896150708199,0.158,0.177,1.56726,2.1354,1.83722925186157,,,,3.192,,,,,3.414,,,,,,3.59403811171651,,,,,3.39596165940166,,,,,,139.0,139.0
Trinidad & Tobago,,,,,,,,,,,,,,6.192,6.192,,,,,,,,,1.223,1.231,,,,1.492,1.477,,,,0.564,0.713,,,,0.575,0.489,,,,0.019,0.016,,,,0.171,0.185,,,,,,,,,,,,,,,,,,,,,,,,,,,,,38.0,39.0
Trinidad y Tobago,Latin America and Caribbean,Latin America and Caribbean,,,,41.0,43.0,38.0,,,6.168,6.168,6.16800022125244,,,0.10895,,,,,1.21183,1.32572,1.36135590076447,,,1.18354,0.98569,1.3802285194397,,,0.61483,0.52608,0.519983291625977,,,0.55884,0.48453,0.518630743026733,,,0.0114,0.01241,0.0089648161083459,,,0.31844,0.31935,0.325296461582184,,,2.26882,2.51394,2.05324745178223,,,,5.95,,,,,6.386,,,,,,6.38153389066458,,,,,5.95446655184031,,,,,,,
Turkmenistán,Central and Eastern Europe,Central and Eastern Europe,,,,70.0,65.0,59.0,,,5.548,5.658,5.82200002670288,5.636,5.247,0.04175,,,,,0.95847,1.08017,1.13077676296234,1.016,1.052,1.22668,1.03817,1.49314916133881,1.533,1.538,0.53886,0.44006,0.437726080417633,0.517,0.657,0.4761,0.37408,0.41827192902565,0.417,0.394,0.30844,0.28467,0.259270340204239,0.037,0.028,0.16979,0.22567,0.24992498755455,0.199,0.244,1.86984,2.21489,1.83290982246399,,,,5.58,,,,,5.736,,,,,,5.88518087550998,,,,,5.75881917789578,,,,,,68.0,87.0
Turquía,Middle East and Northern Africa,Middle East and Northern Africa,,,,76.0,78.0,69.0,,,5.332,5.389,5.5,5.483,5.373,0.03864,,,,,1.06098,1.16492,1.19827437400818,1.148,1.183,0.94632,0.87717,1.33775317668915,1.38,1.36,0.73172,0.64718,0.637605607509613,0.686,0.808,0.22815,0.23889,0.300740599632263,0.324,0.195,0.15746,0.12348,0.0996715798974037,0.109,0.106,0.12253,0.04707,0.0466930419206619,0.106,0.083,2.08528,2.29074,1.87927794456482,,,,5.295,,,,,5.483,,,,,,5.59486496329308,,,,,5.40513503670692,,,,,,74.0,79.0
Túnez,Middle East and Northern Africa,Middle East and Northern Africa,,,,107.0,98.0,102.0,,,4.739,5.045,4.80499982833862,4.592,4.461,0.03589,,,,,0.88113,0.97724,1.00726580619812,0.9,0.921,0.60429,0.43165,0.868351459503174,0.906,1.0,0.73793,0.59577,0.613212049007416,0.69,0.815,0.26268,0.23553,0.289680689573288,0.271,0.167,0.06358,0.0817,0.0867231488227844,0.063,0.055,0.06431,0.03936,0.0496933571994305,0.04,0.059,2.12466,2.68413,1.89025115966797,,,,4.965,,,,,5.125,,,,,,4.88436700701714,,,,,4.72563264966011,,,,,,111.0,124.0
Ucrania,Central and Eastern Europe,Central and Eastern Europe,,,,111.0,123.0,132.0,,,4.681,4.324,4.09600019454956,4.103,4.332,0.04412,,,,,0.79907,0.87287,0.89465194940567,0.793,0.82,1.20278,1.01413,1.39453756809235,1.413,1.39,0.6739,0.58628,0.575903952121735,0.609,0.739,0.25123,0.12859,0.122974775731564,0.163,0.178,0.02961,0.01829,0.0230294708162546,0.011,0.01,0.15275,0.20363,0.270061463117599,0.187,0.187,1.5714,1.50066,0.814382314682007,,,,4.236,,,,,4.412,,,,,,4.18541010454297,,,,,4.00659028455615,,,,,,138.0,133.0
Uganda,Sub-Saharan Africa,Sub-Saharan Africa,,,,141.0,145.0,133.0,,,3.931,3.739,4.08099985122681,4.161,4.189,0.04317,,,,,0.21102,0.34719,0.381430715322495,0.322,0.332,1.13299,0.90981,1.12982773780823,1.09,1.069,0.33861,0.19625,0.217632606625557,0.237,0.443,0.45727,0.43653,0.443185955286026,0.45,0.356,0.07267,0.06442,0.057069718837738,0.061,0.06,0.29066,0.27102,0.325766056776047,0.259,0.252,1.42766,1.51416,1.526362657547,,,,3.629,,,,,3.849,,,,,,4.19579996705055,,,,,3.96619973540306,,,,,,135.0,136.0
Uruguay,Latin America and Caribbean,Latin America and Caribbean,,,,32.0,29.0,28.0,,,6.485,6.545,6.4539999961853,6.379,6.293,0.04539,,,,,1.06166,1.18157,1.21755969524384,1.093,1.124,1.2089,1.03143,1.41222786903381,1.459,1.465,0.8116,0.72183,0.719216823577881,0.771,0.891,0.60362,0.54388,0.57939225435257,0.625,0.523,0.24558,0.21394,0.178061872720718,0.155,0.15,0.2324,0.18056,0.175096929073334,0.13,0.127,2.32142,2.67139,2.17240953445435,,,,6.456,,,,,6.634,,,,,,6.54590621769428,,,,,6.36209377467632,,,,,,31.0,33.0
Uzbekistán,Central and Eastern Europe,Central and Eastern Europe,,,,44.0,49.0,47.0,,,6.003,5.987,5.97100019454956,6.096,6.174,0.04361,,,,,0.63244,0.73591,0.786441087722778,0.719,0.745,1.34043,1.1681,1.54896914958954,1.584,1.529,0.59772,0.50163,0.498272627592087,0.605,0.756,0.65821,0.60848,0.658248662948608,0.724,0.631,0.30826,0.28333,0.246528223156929,0.259,0.24,0.22837,0.34326,0.415983647108078,0.328,0.322,2.23741,2.34638,1.81691360473633,,,,5.896,,,,,6.078,,,,,,6.06553757295012,,,,,5.876462816149,,,,,,44.0,41.0
Venezuela,Latin America and Caribbean,Latin America and Caribbean,,,,23.0,44.0,82.0,,,6.81,6.084,5.25,4.806,4.707,0.06476,,,,,1.04424,1.13367,1.12843120098114,0.996,0.96,1.25596,1.03302,1.43133759498596,1.469,1.427,0.72052,0.61904,0.617144227027893,0.657,0.805,0.42908,0.19847,0.153997123241425,0.133,0.154,0.11069,0.08304,0.0644911229610443,0.052,0.047,0.05841,0.0425,0.0650196298956871,0.056,0.064,3.19131,2.97468,1.78946375846863,,,,5.973,,,,,6.195,,,,,,5.3700319455564,,,,,5.1299680544436,,,,,,102.0,108.0
Vietnam,Southeastern Asia,Southeastern Asia,,,,75.0,96.0,94.0,,,5.36,5.061,5.07399988174438,5.103,5.175,0.03107,,,,,0.63216,0.74037,0.788547575473785,0.715,0.741,0.91226,0.79117,1.27749133110046,1.365,1.346,0.74676,0.66157,0.652168989181519,0.702,0.851,0.59444,0.55954,0.571055591106415,0.618,0.543,0.10441,0.11556,0.0876332372426987,0.079,0.073,0.1686,0.25075,0.234968051314354,0.177,0.147,2.20173,1.9418,1.46231865882874,,,,4.991,,,,,5.131,,,,,,5.14728076457977,,,,,5.000718998909,,,,,,95.0,94.0
Yemen,Middle East and Northern Africa,Middle East and Northern Africa,,,,136.0,147.0,146.0,,,4.077,3.724,3.59299993515015,3.355,3.38,0.04367,,,,,0.54649,0.57939,0.591683447360992,0.442,0.287,0.68093,0.47493,0.93538224697113,1.073,1.163,0.40064,0.31048,0.310080915689468,0.343,0.463,0.35571,0.2287,0.249463722109795,0.244,0.143,0.07854,0.05892,0.0567674227058887,0.064,0.077,0.09131,0.09821,0.104125209152699,0.083,0.108,1.92313,1.97295,1.34560060501099,,,,3.621,,,,,3.827,,,,,,3.69275031983852,,,,,3.49324955046177,,,,,,152.0,151.0
Yibuti,Sub-Saharan Africa,,,,,126.0,,,,,4.369,,,,,0.08096,,,,,0.44025,,,,,0.59207,,,,,0.36291,,,,,0.46074,,,,,0.28105,,,,,0.18093,,,,,2.05125,,,,,,,,,,,,,,,,,,,,,,,,,,,,,
Zambia,Sub-Saharan Africa,Sub-Saharan Africa,,,,85.0,106.0,116.0,,,5.129,4.795,4.51399993896484,4.377,4.107,0.06988,,,,,0.47038,0.61202,0.636406779289246,0.562,0.578,0.91612,0.6376,1.00318729877472,1.047,1.058,0.29924,0.23573,0.257835894823074,0.295,0.426,0.48827,0.42662,0.461603492498398,0.503,0.431,0.12468,0.11479,0.0782135501503944,0.082,0.087,0.19591,0.17866,0.249580144882202,0.221,0.247,2.6343,2.58991,1.82670545578003,,,,4.645,,,,,4.945,,,,,,4.64410550147295,,,,,4.38389437645674,,,,,,125.0,138.0
Zimbabue,Sub-Saharan Africa,Sub-Saharan Africa,,,,115.0,131.0,138.0,,,4.61,4.193,3.875,3.692,3.663,0.0429,,,,,0.271,0.35041,0.375846534967422,0.357,0.366,1.03276,0.71478,1.08309590816498,1.094,1.114,0.33475,0.1595,0.196763753890991,0.248,0.433,0.25861,0.25429,0.336384207010269,0.406,0.361,0.08079,0.08582,0.0953753814101219,0.099,0.089,0.18987,0.18503,0.189143493771553,0.132,0.151,2.44191,2.4427,1.59797024726868,,,,4.101,,,,,4.285,,,,,,3.97869964271784,,,,,3.77130035728216,,,,,,144.0,146.0
