Country Name,Happiness_Score 2015,Happiness_Score 2016,Happiness_Score 2017,Happiness_Score 2018,Happiness_Score 2019,Family 2015,Family 2016,Family 2017,Family 2018,Family 2019,Freedom 2015,Freedom 2016,Freedom 2017,Freedom 2018,Freedom 2019,Trust_(Government_Corruption) 2015,Trust_(Government_Corruption) 2016,Trust_(Government_Corruption) 2017,Trust_(Government_Corruption) 2018,Trust_(Government_Corruption) 2019,Generosity 2015,Generosity 2016,Generosity 2017,Generosity 2018,Generosity 2019
Afganistán,3.575,3.36,3.79399991035461,3.632,3.203,0.30285,0.11037,0.581543326377869,0.537,0.517,0.23414,0.1643,0.106179520487785,0.085,0.0,0.09719,0.07112,0.0611578300595284,0.036,0.025,0.3651,0.31268,0.311870932579041,0.191,0.158
Albania,4.959,4.655,4.64400005340576,4.586,4.719,0.80434,0.50163,0.803685247898102,0.817,0.848,0.35733,0.31866,0.381498634815216,0.419,0.383,0.06413,0.05301,0.0398642159998417,0.032,0.027,0.14272,0.1684,0.201312944293022,0.149,0.178
Alemania,6.75,6.994,6.95100021362305,6.965,6.985,1.29937,1.09774,1.47252035140991,1.474,1.454,0.61477,0.53466,0.562511384487152,0.586,0.495,0.21843,0.28551,0.276731938123703,0.28,0.265,0.28214,0.30452,0.336269170045853,0.273,0.261
Angola,3.6760000381469524,3.866,3.79500007629395,3.795,2.5210029899120263,1.2470059798240527,0.66366,1.10441195964813,1.125,0.5365400000000022,-0.051919999999995525,0.00589,0.0,0.0,0.030125083826185062,0.060250167652370124,0.08434,0.0697203353047371,0.061,0.06362162250220751,0.06624324500441503,0.12071,0.097926490008831,0.079,0.079
Arabia Saudita,6.411,6.379,6.3439998626709,6.371,6.375,1.08393,0.84829,1.28667759895325,1.331,1.357,0.31048,0.37904,0.449750572443008,0.509,0.439,0.32524,0.30008,0.27343225479126,0.127,0.132,0.13706,0.15457,0.147616013884544,0.098,0.08
Argelia,5.605,6.355,5.87200021743774,5.295,5.211,1.07772,0.83309,1.1462174654007,1.154,1.16,0.28579,0.21006,0.233335807919502,0.077,0.086,0.17383,0.16157,0.146096110343933,0.135,0.114,0.07822,0.07044,0.0694366469979286,0.055,0.073
Argentina,6.574,6.65,6.59899997711182,6.388,6.086,1.24823,1.06612,1.44045114517212,1.468,1.432,0.44974,0.42284,0.494519203901291,0.57,0.471,0.08484,0.07296,0.059739887714386,0.054,0.05,0.11451,0.10989,0.109457060694695,0.062,0.066
Armenia,4.35,4.36,4.37599992752075,4.321,4.559,0.77711,0.62477,1.00748372077942,0.99,1.055,0.19847,0.14037,0.198303267359734,0.26,0.283,0.039,0.03616,0.0266744215041399,0.028,0.064,0.07855,0.07793,0.0834880918264389,0.077,0.095
Australia,7.284,7.313,7.28399991989136,7.272,7.228,1.30923,1.10476,1.51004195213318,1.573,1.548,0.65124,0.56837,0.601607382297516,0.647,0.557,0.35637,0.32331,0.301183730363846,0.302,0.29,0.43562,0.47407,0.477699249982834,0.361,0.332
Austria,7.2,7.119,7.00600004196167,7.139,7.246,1.29704,1.08383,1.4599449634552,1.504,1.475,0.62433,0.54355,0.567766189575195,0.617,0.532,0.18676,0.21348,0.221060365438461,0.224,0.226,0.33088,0.32865,0.316472321748734,0.242,0.244
Azerbaiyán,5.212,5.291,5.23400020599365,5.201,5.208,0.93793,0.76042,1.15240025520325,1.161,1.147,0.3703,0.35327,0.398155838251114,0.43,0.351,0.16065,0.17914,0.180987507104874,0.176,0.182,0.07799,0.0564,0.0452693402767181,0.031,0.035
Bahrain,5.96,6.218,6.08699989318848,6.105,6.199,1.21624,0.94397,1.32311046123505,1.366,1.368,0.45492,0.47375,0.536746919155121,0.594,0.536,0.306,0.25772,0.257042169570923,0.123,0.11,0.17362,0.17147,0.172668486833572,0.243,0.255
Bangladés,4.694,4.643,4.60799980163574,4.5,4.456,0.43106,0.24749,0.735131740570068,0.85,0.928,0.4082,0.39778,0.478356659412384,0.58,0.527,0.12569,0.12583,0.123717859387398,0.144,0.143,0.21222,0.19132,0.172255352139473,0.153,0.166
Belarus,5.813,5.802,5.56899976730347,5.483,5.323,1.23289,1.04993,1.44494521617889,1.498,1.465,0.37938,0.29091,0.295400261878967,0.307,0.235,0.1909,0.17457,0.156313821673393,0.154,0.142,0.11046,0.13942,0.15513750910759,0.101,0.094
Belize,5.955999950408937,5.955999950408937,5.95599985122681,5.956,3.24893629983267,0.5418725996653393,1.3707725996653153,1.08141779899597,1.101,0.7856248953723868,0.4702497907447736,0.6316297907447677,0.547509372234344,0.593,0.354736845269203,0.11647369053840606,0.07905369053840516,0.0965810716152191,0.089,0.18139594014247318,0.2737918802849464,0.1661118802849444,0.240015640854836,0.183,0.183
Benín,3.34,3.484,3.65700006484985,4.141,4.883,0.35386,0.10419,0.435299843549728,0.372,0.437,0.4845,0.39747,0.425962775945663,0.44,0.349,0.0801,0.06681,0.0609290152788162,0.067,0.082,0.1826,0.2018,0.207948461174965,0.163,0.175
Bhutan,5.253,5.196,5.01100015640259,5.082,5.082,1.10395,0.90836,1.34012651443481,1.335,1.321,0.53206,0.46074,0.501537680625916,0.541,0.457,0.15445,0.1616,0.173380389809608,0.171,0.167,0.47998,0.48546,0.474054545164108,0.364,0.37
Birmania,4.307,4.395,4.54500007629395,4.308,4.36,0.70905,0.69981,1.12323594093323,1.174,1.181,0.44017,0.42692,0.514492034912109,0.58,0.525,0.19034,0.20243,0.188816204667091,0.178,0.172,0.79588,0.81971,0.838075160980225,0.598,0.566
Bolivia,5.89,5.822,5.82299995422363,5.752,5.779,0.97841,0.83779,1.22761905193329,1.223,1.209,0.57414,0.50961,0.558732926845551,0.606,0.511,0.088,0.07746,0.0604777261614799,0.054,0.064,0.20536,0.21698,0.22556072473526,0.141,0.137
Bosnia y Herzegovina,4.949,5.163,5.18200016021729,5.129,5.386,0.91916,0.64367,1.0693359375,1.078,1.212,0.09245,0.09511,0.204403176903725,0.28,0.212,0.00227,0.0,0.0,0.0,0.006,0.24808,0.29889,0.328867495059967,0.216,0.263
Botsuana,4.332,3.974,3.76600003242493,3.59,3.488,1.10464,0.89186,1.22155499458313,1.174,1.145,0.49495,0.44089,0.505196332931519,0.557,0.455,0.12474,0.10769,0.0985831990838051,0.092,0.1,0.10461,0.12425,0.0993484482169151,0.042,0.025
Brasil,6.983,6.952,6.63500022888184,6.419,6.3,1.23287,1.03938,1.43130600452423,1.474,1.439,0.49049,0.40425,0.437453746795654,0.493,0.39,0.17521,0.14166,0.111092761158943,0.088,0.086,0.14574,0.15776,0.16234989464283,0.11,0.099
Bulgaria,4.218,4.217,4.71400022506714,4.933,5.011,1.10614,0.92542,1.43437945842743,1.515,1.513,0.30587,0.21219,0.289231717586517,0.359,0.311,0.00872,0.00615,0.0110515309497714,0.009,0.004,0.11921,0.12793,0.113177694380283,0.064,0.081
Burkina Faso,3.587,3.739,4.03200006484985,4.424,4.587,0.85188,0.63054,1.04328000545502,1.097,1.056,0.39493,0.3337,0.324367851018906,0.312,0.255,0.12832,0.12533,0.120328105986118,0.128,0.113,0.21747,0.24353,0.250864684581757,0.175,0.177
Burundi,2.905,2.905,2.90499997138977,2.905,3.775,0.41587,0.23442,0.629793584346771,0.627,0.447,0.1185,0.0432,0.0599007532000542,0.065,0.22,0.10062,0.09419,0.0841479450464249,0.076,0.18,0.19727,0.2029,0.204435184597969,0.149,0.176
Bélgica,6.937,6.929,6.89099979400635,6.927,6.923,1.28566,1.05249,1.46231269836426,1.483,1.504,0.5845,0.51354,0.539770722389221,0.583,0.473,0.2254,0.26248,0.251343131065369,0.24,0.21,0.2225,0.2424,0.231503337621689,0.188,0.16
Camboya,3.819,3.907,4.16800022125244,4.433,4.7,0.62736,0.5375,1.00623834133148,1.088,1.122,0.66246,0.58852,0.633375823497772,0.696,0.609,0.07247,0.08092,0.0681059509515762,0.065,0.062,0.40359,0.40339,0.385922968387604,0.256,0.232
Camerún,4.252,4.513,4.69500017166138,4.975,5.044,0.88767,0.62542,0.946018218994141,0.891,0.91,0.49309,0.42736,0.430388748645782,0.454,0.381,0.05786,0.06126,0.0513066314160824,0.043,0.037,0.20618,0.2268,0.236298456788063,0.183,0.187
Canadá,7.427,7.404,7.31599998474121,7.328,7.278,1.32261,1.0961,1.48134899139404,1.532,1.505,0.63297,0.5737,0.611100912094116,0.653,0.584,0.32957,0.31329,0.287371516227722,0.291,0.308,0.45811,0.44834,0.435539722442627,0.321,0.285
Catar,6.611,6.375,6.375,6.374,6.374,1.0786,0.87964,1.27429687976837,1.303,1.313,0.6404,0.56679,0.604130983352661,0.654,0.555,0.52208,0.48049,0.439299255609512,0.171,0.167,0.32573,0.32388,0.330473870038986,0.256,0.22
Chad,3.667,3.763,3.93600010871887,4.301,4.35,0.76062,0.63178,0.953855872154236,0.907,0.766,0.23501,0.12807,0.16234202682972,0.189,0.174,0.05269,0.04952,0.0535818822681904,0.06,0.078,0.18386,0.18667,0.216113850474358,0.181,0.198
Chile,6.67,6.705,6.65199995040894,6.476,6.444,1.12447,0.90587,1.28402495384216,1.331,1.369,0.44132,0.37789,0.376895278692245,0.431,0.357,0.12869,0.11451,0.0822879821062088,0.061,0.056,0.33363,0.31595,0.326662421226501,0.197,0.187
China,5.14,5.245,5.27299976348877,5.246,5.191,0.94675,0.79381,1.16083741188049,1.142,1.125,0.51697,0.44012,0.472787708044052,0.597,0.521,0.02781,0.02745,0.0227942746132612,0.103,0.1,0.08185,0.04959,0.0288068410009146,0.029,0.058
Chipre,5.689,5.546,5.62099981307983,5.762,6.046,0.89318,0.70697,1.13136327266693,1.191,1.223,0.40672,0.29507,0.355111539363861,0.423,0.406,0.06146,0.05228,0.0412379764020443,0.035,0.041,0.30638,0.27906,0.271254301071167,0.202,0.19
Colombia,6.477,6.481,6.35699987411499,6.26,6.125,1.24018,1.02169,1.4021829366684,1.439,1.41,0.53466,0.44735,0.477487415075302,0.531,0.47,0.0512,0.05399,0.0466687418520451,0.039,0.034,0.18401,0.15626,0.149014472961426,0.099,0.099
Comoros,3.9631923076923066,3.96776923076923,3.96951282051282,3.97125641025641,3.973,0.7193057692307683,0.7242630769230747,0.7351753846153831,0.7460876923076916,0.757,0.16919807692308098,0.15150230769231143,0.14833487179487428,0.14516743589743714,0.142,0.14330615384616152,0.11185461538462249,0.10056974358974832,0.08928487179487417,0.078,0.21951807692307312,0.24596230769230232,0.25564153846153487,0.2653207692307675,0.275
Congo (Brazzaville),3.989,4.236,4.29099988937378,4.559,4.812,0.6629,0.47799,0.832044363021851,0.811,0.799,0.41466,0.37938,0.435025870800018,0.514,0.372,0.11686,0.09753,0.0796181336045265,0.077,0.093,0.12388,0.12077,0.120852127671242,0.091,0.105
Congo (Kinshasa),4.517,4.272,4.28000020980835,4.245,4.418,1.0012,0.80676,1.22902345657349,1.136,1.125,0.22605,0.15602,0.235961347818375,0.312,0.269,0.07625,0.06075,0.0602413564920425,0.052,0.053,0.24834,0.25458,0.246455833315849,0.197,0.212
Corea del Sur,5.984,5.835,5.83799982070923,5.875,5.895,0.95774,0.72194,1.12827444076538,1.204,1.219,0.33208,0.25168,0.257921665906906,0.244,0.159,0.07857,0.07716,0.0632826685905457,0.051,0.056,0.18557,0.18824,0.206674367189407,0.175,0.175
Costa Rica,7.226,7.087,7.0789999961853,7.072,7.167,1.23788,1.02152,1.41640365123749,1.459,1.441,0.63376,0.55225,0.580131649971008,0.632,0.558,0.10583,0.10547,0.100106589496136,0.101,0.093,0.25497,0.22553,0.214613229036331,0.143,0.144
Costa de Marfil,3.655,3.916,4.17999982833862,4.671,4.944,0.77115,0.57576,0.904780030250549,0.872,0.808,0.46866,0.40663,0.447706192731857,0.467,0.352,0.17922,0.1553,0.130061775445938,0.103,0.09,0.20165,0.20338,0.201237469911575,0.146,0.154
Croacia,5.759,5.488,5.29300022125244,5.321,5.432,0.79624,0.60809,0.96798300743103,1.161,1.266,0.25883,0.23907,0.255772292613983,0.38,0.296,0.0243,0.04002,0.0431031100451946,0.039,0.022,0.05444,0.18434,0.248002976179123,0.12,0.119
Dinamarca,7.527,7.526,7.52199983596802,7.555,7.6,1.36058,1.16374,1.55112159252167,1.59,1.573,0.64938,0.57941,0.626006722450256,0.683,0.592,0.48357,0.44453,0.40077006816864,0.408,0.41,0.34139,0.36171,0.355280488729477,0.284,0.252
Ecuador,5.975,5.976,6.00799989700317,5.973,6.028,0.99903,0.85974,1.28616881370544,1.33,1.312,0.48574,0.4027,0.4551981985569,0.556,0.498,0.1809,0.18037,0.140134647488594,0.12,0.087,0.11541,0.10074,0.150112465023994,0.114,0.126
Egipto,4.194,4.362,4.7350001335144,4.419,4.166,0.747,0.49813,0.997471392154694,1.025,1.039,0.17288,0.18847,0.282110154628754,0.312,0.241,0.06324,0.10393,0.114381365478039,0.107,0.067,0.11291,0.12706,0.128631442785263,0.092,0.076
El Salvador,6.13,6.068,6.00299978256226,6.167,6.253,1.02507,0.80975,1.18212509155273,1.231,1.242,0.4035,0.37269,0.432452529668808,0.461,0.43,0.11776,0.10613,0.0899809598922729,0.082,0.074,0.10692,0.08877,0.0782579854130745,0.065,0.093
Emiratos Árabes Unidos,6.901,6.573,6.64799976348877,6.774,6.825,1.12575,0.87114,1.26641023159027,0.776,1.31,0.64157,0.56215,0.60834527015686,0.284,0.598,0.2475127324867259,0.35561,0.324489563703537,0.25324478185176846,0.182,0.26428,0.26591,0.3609419465065,0.186,0.262
Eslovaquia,5.995,6.078,6.09800004959106,6.173,6.198,1.26999,1.08268,1.50505924224854,1.537,1.504,0.31751,0.23391,0.295817464590073,0.354,0.334,0.03431,0.02947,0.0242108516395092,0.014,0.014,0.16893,0.13837,0.136544480919838,0.118,0.121
Eslovenia,5.848,5.768,5.75799989700317,5.948,6.118,1.27385,1.05613,1.45251882076263,1.506,1.523,0.60855,0.53164,0.572575807571411,0.633,0.564,0.03787,0.03635,0.0451289787888527,0.051,0.057,0.25328,0.25738,0.242649093270302,0.16,0.144
España,6.329,6.361,6.40299987792969,6.31,6.354,1.31379,1.12945,1.53209090232849,1.538,1.484,0.45951,0.37545,0.408781230449677,0.449,0.362,0.06398,0.06137,0.0709140971302986,0.074,0.079,0.18227,0.17665,0.190133571624756,0.142,0.153
Estados Unidos,7.119,7.104,6.99300003051758,6.886,6.892,1.24711,1.04782,1.41992056369781,1.471,1.457,0.54604,0.48163,0.505740523338318,0.547,0.454,0.1589,0.14868,0.135638788342476,0.133,0.128,0.40105,0.41077,0.392578780651093,0.291,0.28
Estonia,5.429,5.517,5.61100006103516,5.739,5.893,1.22791,1.05163,1.47667109966278,1.532,1.528,0.44888,0.41511,0.479131430387497,0.553,0.495,0.15184,0.18519,0.183248922228813,0.174,0.161,0.0868,0.08423,0.0988908112049103,0.086,0.103
Etiopía,4.512,4.508,4.46000003814697,4.35,4.286,0.60406,0.37932,0.86466920375824,0.95,1.033,0.4345,0.36703,0.408842742443085,0.452,0.344,0.15048,0.1717,0.165455713868141,0.146,0.1,0.24325,0.29522,0.312650740146637,0.22,0.209
Filipinas,5.073,5.279,5.42999982833862,5.524,5.631,1.03516,0.87877,1.25391757488251,1.312,1.293,0.62545,0.54854,0.585214674472809,0.643,0.558,0.12279,0.11757,0.0993318930268288,0.105,0.107,0.24991,0.21674,0.193513423204422,0.12,0.117
Finlandia,7.406,7.413,7.4689998626709,7.632,7.769,1.31826,1.13464,1.5402467250824,1.592,1.587,0.64169,0.57104,0.617950856685638,0.681,0.596,0.41372,0.41004,0.38261154294014,0.393,0.393,0.23351,0.25492,0.24548277258873,0.202,0.153
Francia,6.575,6.478,6.44199991226196,6.489,6.592,1.26038,1.00508,1.38777685165405,1.466,1.472,0.55011,0.46562,0.470222115516663,0.52,0.436,0.20646,0.17808,0.172502428293228,0.176,0.183,0.12332,0.1216,0.129762306809425,0.098,0.111
Gabón,3.896,4.121,4.46500015258789,4.758,4.799,0.90528,0.72368,1.1556202173233,1.164,1.183,0.31914,0.28098,0.312328577041626,0.356,0.295,0.11091,0.09314,0.0760467872023582,0.052,0.055,0.06822,0.06244,0.0437853783369064,0.032,0.043
Gambia,5.368203410614338,5.345218182999161,5.322006410508758,5.275197841889236,4.516,3.8006,3.0852,2.3697999999999997,1.6543999999999999,0.939,0.8276,0.7162,0.6048,0.4934,0.382,0.339,0.29600000000000004,0.253,0.21000000000000002,0.167,0.1874,0.2078,0.22820000000000001,0.24860000000000002,0.269
Georgia,4.297,4.252,4.28599977493286,4.34,4.519,0.38562,0.19249,0.57061493396759,0.592,0.666,0.40577,0.32461,0.309410035610199,0.375,0.346,0.38331,0.3188,0.251666635274887,0.215,0.164,0.05547,0.06786,0.0540088154375553,0.038,0.043
Ghana,4.633,4.276,4.11999988555908,4.657,4.996,0.67954,0.49353,0.873664736747742,0.896,0.868,0.42342,0.40973,0.423026293516159,0.499,0.381,0.04355,0.0326,0.0253363698720932,0.029,0.04,0.23087,0.21203,0.256923943758011,0.212,0.245
Grecia,4.857,5.033,5.22700023651123,5.358,5.287,0.92933,0.75473,1.23941457271576,1.202,1.156,0.07699,0.05822,0.0957312509417534,0.131,0.067,0.01397,0.04127,0.04328977689147,0.044,0.034,0.0,0.0,0.0,0.0,0.0
Guatemala,6.123,6.324,6.4539999961853,6.382,6.436,1.04356,0.87119,1.25558519363403,1.268,1.269,0.57733,0.50379,0.531310617923737,0.604,0.535,0.09472,0.08701,0.0772232785820961,0.071,0.078,0.27489,0.28808,0.283488392829895,0.179,0.175
Guinea,3.656,3.607,3.50699996948242,3.964,4.534,0.46475,0.3109,0.791244685649872,0.792,0.829,0.37725,0.30953,0.348587512969971,0.394,0.332,0.12139,0.1192,0.110937617719173,0.094,0.086,0.28657,0.29914,0.264815092086792,0.185,0.207
Haití,4.518,4.028,3.6029999256134,3.582,3.597,0.74302,0.29561,0.640449821949005,0.714,0.688,0.24425,0.12072,0.0303698573261499,0.025,0.026,0.17175,0.14476,0.0998721495270729,0.104,0.11,0.46187,0.47958,0.489203780889511,0.392,0.419
Honduras,4.788,4.871,5.18100023269653,5.504,5.86,0.95348,0.75596,1.14394497871399,1.205,1.236,0.40148,0.26755,0.348079860210419,0.459,0.507,0.06825,0.06906,0.0733454525470734,0.074,0.078,0.23027,0.2044,0.236188873648643,0.197,0.246
Hong Kong,5.448,5.458,5.444,5.43,5.43,1.1238475000000108,0.87021,1.080105,1.29,1.277,0.5102175000000031,0.48079,0.502395,0.524,0.44,0.3164275000000032,0.31647,0.303735,0.291,0.287,0.3249375000000043,0.40097,0.323485,0.246,0.258
"Hong Kong S.A.R., China",5.368203410614338,5.345218182999161,5.47200012207031,4.630158281326292,3.788316440582274,2.9464745998382558,2.1046327590942377,1.26279091835022,1.1084264636039736,0.9540620088577272,0.7996975541114808,0.6453330993652344,0.490968644618988,0.4515616655349732,0.41215468645095843,0.3727477073669436,0.3333407282829288,0.293933749198914,0.3100401580333714,0.32614656686782884,0.3422529757022862,0.3583593845367436,0.374465793371201,0.374465793371201,0.374465793371201
Hungría,4.8,5.145,5.32399988174438,5.62,5.758,1.20215,0.93164,1.34313309192657,1.401,1.41,0.32112,0.1977,0.175863519310951,0.259,0.199,0.02758,0.04472,0.0366369374096394,0.022,0.02,0.128,0.099,0.0784016624093056,0.061,0.081
India,4.565,4.404,4.31500005722046,4.19,4.015,0.38174,0.29247,0.754372596740723,0.747,0.765,0.39786,0.40285,0.469987004995346,0.539,0.498,0.08492,0.08722,0.0922268852591515,0.093,0.085,0.26475,0.25028,0.231538489460945,0.172,0.2
Indonesia,5.399,5.314,5.26200008392334,5.093,5.192,1.08708,0.87625,1.27444469928741,1.215,1.203,0.46611,0.39237,0.443323463201523,0.538,0.491,0.0,0.00322,0.0153171354904771,0.018,0.028,0.51535,0.56521,0.611704587936401,0.484,0.498
Irak,4.677,4.575,4.49700021743774,4.456,4.437,0.81889,0.59205,0.978613197803497,0.971,0.98,0.0,0.24856,0.288555532693863,0.304,0.241,0.13788,0.13636,0.107215754687786,0.095,0.089,0.17922,0.19589,0.19963726401329,0.148,0.148
Irlanda,6.94,6.907,6.97700023651123,6.977,7.021,1.36948,1.16157,1.55823111534119,1.583,1.553,0.61777,0.54008,0.573110342025757,0.614,0.516,0.28703,0.29754,0.29838815331459,0.306,0.31,0.45901,0.44963,0.42785832285881,0.307,0.298
Irán,4.686,4.813,4.69199991226196,4.707,4.548,0.54447,0.38857,0.711551249027252,0.771,0.842,0.30033,0.22544,0.249322608113289,0.459,0.305,0.05863,0.0557,0.048761073499918,0.129,0.125,0.38086,0.38538,0.387242913246155,0.282,0.27
Islandia,7.561,7.501,7.50400018692017,7.495,7.494,1.40223,1.18326,1.6105740070343,1.644,1.624,0.62877,0.56624,0.627162635326385,0.677,0.591,0.14145,0.14975,0.153526559472084,0.138,0.118,0.4363,0.47678,0.475540220737457,0.353,0.354
Israel,7.278,7.267,7.21299982070923,6.814,7.139,1.22393,0.99537,1.37628996372223,1.559,1.455,0.41319,0.36432,0.405988603830338,0.533,0.371,0.07785,0.08728,0.0852421000599861,0.272,0.082,0.33172,0.32288,0.330082654953003,0.354,0.261
Italia,5.948,5.977,5.96400022506714,6.0,6.223,1.19777,1.04167,1.44492328166962,1.501,1.488,0.26236,0.18827,0.256450712680817,0.281,0.231,0.02901,0.02556,0.0280280914157629,0.028,0.03,0.22823,0.16684,0.17278964817524,0.137,0.158
Jamaica,5.709,5.51,5.31099987030029,5.89,5.89,1.15102,0.96372,1.36821806430817,1.493,1.478,0.50442,0.43597,0.474307239055634,0.575,0.49,0.02299,0.04294,0.0552677810192108,0.031,0.028,0.2123,0.22245,0.233818337321281,0.096,0.107
Japón,5.987,5.921,5.92000007629395,5.915,5.886,1.25712,1.06054,1.43633782863617,1.462,1.419,0.49615,0.46761,0.505625545978546,0.553,0.445,0.1806,0.18985,0.163760736584663,0.15,0.14,0.10705,0.10224,0.12057276815176,0.079,0.069
Jordania,5.192,5.303,5.33599996566772,5.161,4.906,1.05392,0.86216,1.23908889293671,1.265,1.225,0.40661,0.36023,0.418421149253845,0.468,0.383,0.14293,0.13297,0.11980327218771,0.134,0.13,0.11053,0.14262,0.172170460224152,0.13,0.11
Kazajistán,5.855,5.919,5.81899976730347,5.79,5.809,1.12241,0.95544,1.38436901569366,1.516,1.508,0.51649,0.4052,0.437454283237457,0.454,0.41,0.08454,0.11132,0.119282886385918,0.121,0.096,0.11827,0.15011,0.201964423060417,0.148,0.146
Kenia,4.419,4.356,4.55299997329712,4.41,4.509,0.99876,0.7624,1.06795072555542,1.048,0.983,0.42215,0.40576,0.452763766050339,0.504,0.431,0.05839,0.06686,0.0646413192152977,0.055,0.053,0.37542,0.41328,0.444860309362411,0.352,0.372
Kirguistán,5.286,5.185,5.00400018692017,5.131,5.261,1.15115,0.95434,1.39423859119415,1.416,1.438,0.43477,0.40212,0.454943388700485,0.54,0.508,0.04232,0.04762,0.0394391790032387,0.035,0.023,0.3003,0.38432,0.42858037352562,0.281,0.3
Kosovo,5.589,5.401,5.27899980545044,5.662,6.1,0.81198,0.66062,1.13785350322723,1.23,1.232,0.24749,0.14396,0.260287940502167,0.448,0.489,0.04741,0.06547,0.0574716180562973,0.023,0.006,0.2831,0.27992,0.319931447505951,0.274,0.262
Kuwait,6.295,6.239,6.10500001907349,6.083,6.021,1.16594,0.87758,1.25969874858856,1.301,1.319,0.55499,0.43166,0.496337592601776,0.554,0.493,0.25609,0.23669,0.215159550309181,0.106,0.097,0.16228,0.15965,0.228289797902107,0.167,0.142
Laos,4.792749999999998,4.876,4.7495,4.623,4.796,0.8379324999999938,0.5497,0.7918499999999999,1.034,1.03,0.5726475000000001,0.52168,0.57384,0.626,0.547,0.2011800000000008,0.22423,0.199115,0.174,0.164,0.3371774999999957,0.43079,0.330395,0.23,0.266
Lesoto,4.430857167925183,4.119428627831612,3.80800008773804,3.808,3.802,1.1084729103524325,1.1492840482929763,1.19009518623352,1.215,1.169,0.35357179977961906,0.3721165495041435,0.390661299228668,0.423,0.359,0.12147846857615718,0.1202865542963566,0.119094640016556,0.112,0.093,0.15521636339869005,0.1563568176470495,0.157497271895409,0.116,0.107
Letonia,5.098,5.56,5.84999990463257,5.933,5.94,1.09562,0.95025,1.40471494197845,1.454,1.465,0.29671,0.27996,0.325707912445068,0.363,0.264,0.06332,0.0889,0.0738427266478539,0.066,0.064,0.18226,0.17445,0.153074786067009,0.092,0.075
Liberia,4.571,3.622,3.53299999237061,3.495,3.975,0.78968,0.50353,0.872117936611176,0.858,0.922,0.28531,0.25748,0.332881182432175,0.419,0.37,0.06232,0.04852,0.0389482490718365,0.03,0.033,0.24362,0.24063,0.26654988527298,0.206,0.233
Libia,5.754,5.615,5.52500009536743,5.566,5.525,1.11862,0.95076,1.35756433010101,1.35,1.303,0.41668,0.40672,0.465733230113983,0.496,0.416,0.11023,0.10339,0.0926102101802826,0.148,0.152,0.18295,0.17087,0.152073666453362,0.116,0.133
Lituania,5.833,5.813,5.90199995040894,5.952,6.149,1.25745,1.06411,1.47351610660553,1.527,1.515,0.21342,0.18929,0.234231784939766,0.35,0.291,0.01031,0.0182,0.0118656428530812,0.006,0.042,0.02641,0.02025,0.010164656676352,0.026,0.043
Luxemburgo,6.946,6.871,6.86299991607666,6.91,7.09,1.21963,1.03999,1.45758366584778,1.52,1.479,0.61583,0.5487,0.59662789106369,0.632,0.526,0.37798,0.35329,0.31883442401886,0.321,0.316,0.28034,0.27571,0.283180981874466,0.196,0.194
Líbano,4.839,5.129,5.22499990463257,5.358,5.197,0.80001,0.64184,1.12962424755096,1.179,1.224,0.33916,0.26228,0.288515985012054,0.503,0.216,0.04582,0.03061,0.037513829767704,0.136,0.027,0.21854,0.23693,0.264450758695602,0.214,0.166
Macedonia,5.269000095367431,5.121,5.17500019073486,5.185,3.2633932534885433,1.341786506977087,0.78236,1.20789301395416,1.239,0.8143339946699136,0.38966798933982716,0.27668,0.325905978679657,0.394,0.2247519483891129,0.05550389677822576,0.07047,0.0602777935564518,0.052,0.12004274091959052,0.18808548183918106,0.23507,0.25376096367836,0.173,0.173
Macedonia del Norte,5.368203410614338,5.345218182999161,5.322006410508758,5.275197841889236,5.274,4.478,3.682,2.886,2.09,1.294,1.1042,0.9144,0.7245999999999999,0.5347999999999999,0.345,0.2828,0.2206,0.15839999999999999,0.09620000000000001,0.034,0.06420000000000001,0.0944,0.12459999999999999,0.1548,0.185
Madagascar,3.681,3.695,3.64400005340576,3.774,3.933,0.66801,0.46115,0.913020372390747,0.908,0.916,0.19184,0.13684,0.189196765422821,0.221,0.148,0.08124,0.07506,0.0672319754958153,0.049,0.041,0.21333,0.2204,0.208732530474663,0.155,0.169
Malasia,5.77,6.005,6.08400011062622,6.322,5.339,1.07023,0.88025,1.28464603424072,1.258,1.171,0.53024,0.39031,0.402264982461929,0.356,0.508,0.10501,0.09081,0.0656007081270218,0.059,0.024,0.33075,0.41474,0.416608929634094,0.311,0.26
Malaui,4.292,4.156,3.97000002861023,3.587,3.41,0.41134,0.147,0.512568831443787,0.541,0.56,0.43054,0.4143,0.466914653778076,0.531,0.443,0.06977,0.07564,0.0727116540074348,0.08,0.089,0.33128,0.30968,0.287170469760895,0.21,0.218
Malta,6.302,6.488,6.52699995040894,6.627,6.726,1.30203,1.09879,1.48841166496277,1.525,1.52,0.60365,0.54994,0.588767051696777,0.645,0.564,0.13586,0.17554,0.153066068887711,0.142,0.151,0.51752,0.56237,0.574730575084686,0.376,0.375
Malí,3.995,4.073,4.19000005722046,4.447,4.39,1.03526,0.86333,1.28147339820862,1.233,1.105,0.38857,0.27544,0.306613743305206,0.367,0.327,0.12352,0.13647,0.104970246553421,0.056,0.052,0.18798,0.21064,0.183354198932648,0.139,0.153
Marruecos,5.013,5.151,5.2350001335144,5.254,5.208,0.64095,0.38595,0.774864435195923,0.797,0.782,0.41691,0.25646,0.408158332109451,0.46,0.418,0.08546,0.08404,0.0877631828188896,0.074,0.076,0.07172,0.04053,0.0322099551558495,0.026,0.036
Mauricio,5.477,5.648,5.62900018692017,5.891,5.888,0.98521,0.75695,1.20956099033356,1.387,1.402,0.56066,0.46145,0.491247326135635,0.584,0.498,0.07521,0.05203,0.0421815551817417,0.05,0.06,0.37744,0.36951,0.360933750867844,0.245,0.215
Mauritania,4.436,4.201,4.29199981689453,4.356,4.49,0.86908,0.84142,1.2720308303833,1.245,1.167,0.24232,0.1268,0.0960980430245399,0.129,0.066,0.17461,0.17955,0.136957004666328,0.093,0.088,0.219,0.22686,0.201870024204254,0.134,0.106
Moldavia,5.889,5.897,5.83799982070923,5.64,5.529,1.01528,0.83132,1.25182557106018,1.301,1.328,0.32818,0.25202,0.240729048848152,0.232,0.245,0.01615,0.01903,0.0100912861526012,0.0,0.0,0.20951,0.19997,0.208779126405716,0.171,0.181
Mongolia,4.874,4.907,4.95499992370605,5.125,5.285,1.3006,1.08983,1.4930112361908,1.517,1.531,0.43626,0.35972,0.394143968820572,0.395,0.317,0.02666,0.03285,0.0329022891819477,0.032,0.038,0.3323,0.34539,0.338464230298996,0.253,0.235
Montenegro,5.192,5.161,5.23699998855591,5.347,5.523,0.90557,0.74173,1.23837649822235,1.279,1.361,0.1826,0.15111,0.194989055395126,0.259,0.197,0.14296,0.12721,0.0881741940975189,0.081,0.08,0.1614,0.17191,0.197911024093628,0.111,0.142
Mozambique,4.7715714830671345,4.660785836900997,4.55000019073486,4.417,4.466,0.9640631471415944,0.9173820810685847,0.870701014995575,0.902,0.986,0.4077231691196914,0.4442571305193182,0.480791091918945,0.531,0.494,0.16299896732330232,0.17121767647743166,0.179436385631561,0.158,0.138,0.248745172536033,0.2854866382060735,0.322228103876114,0.206,0.197
México,7.187,6.778,6.57800006866455,6.488,6.595,0.91451,0.7146,1.210862159729,1.252,1.323,0.48181,0.37709,0.412730008363724,0.479,0.433,0.21312,0.18355,0.132774114608765,0.095,0.073,0.14074,0.11735,0.120990432798862,0.069,0.074
Namibia,4.541499940872188,4.574,4.57399988174438,4.441,4.639,0.596355403537757,0.70362,1.0984708070755,1.281,1.313,0.5457917736911782,0.48614,0.520303547382355,0.519,0.401,0.12255348617911466,0.10398,0.0931469723582268,0.064,0.056,0.08151687247753259,0.07795,0.0771337449550629,0.051,0.07
Nepal,4.514,4.793,4.96199989318848,4.88,4.913,0.86449,0.69699,1.17928326129913,1.228,1.226,0.38282,0.37012,0.440305948257446,0.526,0.439,0.05907,0.07008,0.0729755461215973,0.078,0.089,0.32296,0.3816,0.394096165895462,0.302,0.285
Nicaragua,5.828,5.992,6.07100009918213,6.141,6.105,1.14184,0.89521,1.28721570968628,1.319,1.325,0.55475,0.46582,0.447551846504211,0.527,0.435,0.19317,0.16292,0.130687981843948,0.128,0.127,0.27815,0.29773,0.301674216985703,0.208,0.2
Nigeria,5.268,4.875,5.07399988174438,5.155,5.265,0.90432,0.64498,1.21577048301697,1.172,1.111,0.34334,0.27854,0.394952565431595,0.462,0.426,0.0403,0.0305,0.0261215660721064,0.032,0.041,0.27233,0.23219,0.230947196483612,0.201,0.215
North Cyprus,5.873666590372721,5.931166561762495,5.80999994277954,4.2537014628092455,2.6974029828389514,1.1411045028686573,1.1992161914443926,1.18630337715149,0.9397838626352942,0.6932643481190985,0.44674483360290296,0.4372116462039948,0.471203625202179,0.3698683512136677,0.26853307722515635,0.16719780323664502,0.17347447945038752,0.155353352427483,0.19326032522943312,0.23116729803138325,0.26907427083333335,0.2716521223958335,0.266845703125,0.266845703125,0.266845703125
Northern Cyprus,6.185999999999979,6.068999999999988,5.951999999999998,5.835,5.718,1.0879999999999939,1.1289999999999907,1.1699999999999875,1.211,1.252,0.7290000000000134,0.6510000000000105,0.5730000000000075,0.495,0.417,0.13000000000000078,0.1379999999999999,0.14599999999999902,0.154,0.162,0.14299999999999713,0.15499999999999758,0.16699999999999804,0.179,0.191
Noruega,7.522,7.498,7.53700017929077,7.594,7.554,1.33095,1.1269,1.53352355957031,1.582,1.582,0.66973,0.59609,0.635422587394714,0.686,0.603,0.36503,0.35776,0.315963834524155,0.34,0.341,0.34699,0.37895,0.36201223731041,0.286,0.271
Nueva Zelanda,7.286,7.334,7.31400012969971,7.324,7.307,1.31967,1.17278,1.54819512367249,1.601,1.557,0.63938,0.58147,0.614062130451202,0.669,0.585,0.42922,0.41904,0.382816702127457,0.389,0.38,0.47501,0.49401,0.500005125999451,0.365,0.33
Níger,3.845,3.856,4.02799987792969,4.166,4.628,0.77265,0.6053,0.993025004863739,0.867,0.774,0.47692,0.38041,0.36365869641304,0.39,0.318,0.15639,0.17176,0.138572946190834,0.099,0.102,0.19387,0.2097,0.228673845529556,0.175,0.188
Omán,6.853,5.698764,4.544528,3.3902920000000005,2.2360560000000005,1.08182,0.992004,0.902188,0.812372,0.722556,0.63274,0.57124,0.50974,0.44823999999999997,0.38674,0.32524,0.303276,0.281312,0.25934799999999997,0.23738399999999998,0.21542,0.21542,0.21542,0.21542,0.21542
Pakistán,5.194,5.132,5.26900005340576,5.472,5.653,0.41411,0.26135,0.672690689563751,0.81,0.886,0.12102,0.14622,0.23521526157856,0.334,0.313,0.10464,0.1388,0.124348066747189,0.113,0.098,0.33671,0.31185,0.315446019172668,0.216,0.22
Panamá,6.786,6.701,6.4520001411438,6.43,6.321,1.1985,0.98912,1.37319254875183,1.438,1.442,0.5421,0.48927,0.550026834011078,0.597,0.516,0.0927,0.08423,0.070983923971653,0.063,0.054,0.24434,0.2418,0.21055693924427,0.125,0.109
Paraguay,5.878,5.538,5.49300003051758,5.681,5.743,1.30477,1.11111,1.50728487968445,1.522,1.475,0.53899,0.46235,0.473507791757584,0.541,0.514,0.08242,0.07396,0.091065913438797,0.074,0.08,0.3424,0.25296,0.224150657653809,0.162,0.184
Países Bajos,7.378,7.339,7.3769998550415,7.441,7.488,1.28017,1.02912,1.42893922328949,1.488,1.522,0.61576,0.55211,0.585384488105774,0.638,0.557,0.31814,0.29927,0.282661825418472,0.295,0.298,0.4761,0.47416,0.470489829778671,0.333,0.322
Perú,5.824,5.743,5.71500015258789,5.663,5.697,0.97459,0.81255,1.21877038478851,1.249,1.274,0.41496,0.37502,0.450002878904343,0.53,0.455,0.05989,0.05292,0.0470490865409374,0.034,0.027,0.14982,0.14527,0.126819714903831,0.092,0.083
Polonia,5.791,5.835,5.97300004959106,6.123,6.182,1.27948,1.04685,1.44571197032928,1.448,1.438,0.53122,0.4519,0.520342111587524,0.546,0.483,0.04212,0.055,0.0593078061938286,0.064,0.05,0.16759,0.14443,0.158465966582298,0.108,0.117
Portugal,5.102,5.123,5.19500017166138,5.41,5.693,1.13935,0.94367,1.36704301834106,1.429,1.431,0.51469,0.44727,0.498465299606323,0.562,0.508,0.01078,0.01521,0.0158694516867399,0.017,0.025,0.13719,0.11691,0.0951027125120163,0.055,0.047
Puerto Rico,5.368203410614338,7.039,5.847426,4.655851999999999,3.464278,2.272704,1.08113,0.9585499999999999,0.8359699999999999,0.71339,0.59081,0.46823,0.399134,0.33003799999999994,0.26094199999999995,0.19184599999999996,0.12275,0.142604,0.162458,0.182312,0.202166,0.22202,0.22202,0.22202,0.22202
Reino Unido,6.867,6.725,6.71400022506714,7.19,7.054,1.28548,1.08672,1.49646008014679,1.433,1.538,0.59625,0.50036,0.508190035820007,0.464,0.45,0.32067,0.27399,0.265428066253662,0.082,0.278,0.51912,0.50156,0.492774158716202,0.262,0.348
República Centroafricana,3.3115714509146983,3.0022857645579943,2.69300007820129,3.083,3.083,0.0,0.0,0.0,0.0,0.0,0.4002634415844568,0.3355527435650174,0.270842045545578,0.305,0.225,0.06895573603221195,0.06276040607247957,0.0565650761127472,0.038,0.035,0.24759328214100496,0.26423488481726,0.280876487493515,0.218,0.235
República Checa,6.505,6.596,6.60900020599365,6.711,6.852,1.20643,1.00793,1.43388521671295,1.489,1.487,0.46364,0.41418,0.490946173667908,0.543,0.457,0.02652,0.03986,0.0368729270994663,0.034,0.036,0.10686,0.09929,0.0881067588925362,0.064,0.046
República Dominicana,4.885,5.155,5.23000001907349,5.302,5.425,1.17202,0.99496,1.40241670608521,1.441,1.401,0.57672,0.52259,0.55258983373642,0.578,0.497,0.14234,0.12372,0.113945253193378,0.106,0.101,0.21684,0.21286,0.186967849731445,0.12,0.113
Ruanda,3.465,3.515,3.47099995613098,3.408,3.334,0.7737,0.61586,0.945707023143768,0.896,0.711,0.59201,0.5432,0.581843852996826,0.636,0.555,0.55191,0.50521,0.455220013856888,0.444,0.411,0.22628,0.23552,0.252756029367447,0.2,0.217
Rumania,5.124,5.528,5.82499980926514,5.945,6.07,0.88588,0.72803,1.15009129047394,1.219,1.232,0.35068,0.36712,0.457003742456436,0.528,0.462,0.00649,0.00679,0.00438790069893,0.001,0.005,0.13748,0.12889,0.133519917726517,0.088,0.083
Rusia,5.716,5.856,5.96299982070923,5.81,5.648,1.23617,1.05261,1.46928238868713,1.479,1.452,0.36679,0.32682,0.373783111572266,0.399,0.334,0.03005,0.03586,0.0329628810286522,0.025,0.031,0.00199,0.02736,0.0522638224065304,0.065,0.082
Senegal,3.904,4.219,4.53499984741211,4.631,4.681,0.97619,0.77416,1.17969191074371,1.117,1.134,0.36772,0.31056,0.377922266721725,0.406,0.292,0.10713,0.11681,0.115460447967052,0.082,0.072,0.20843,0.19103,0.183468893170357,0.138,0.153
Serbia,5.123,5.177,5.39499998092651,5.398,5.603,1.00964,0.81329,1.25818979740143,1.369,1.383,0.20107,0.15718,0.208715528249741,0.288,0.282,0.02617,0.04339,0.0409037806093693,0.043,0.039,0.19231,0.20737,0.220125883817673,0.134,0.137
Sierra Leona,4.507,4.635,4.70900011062622,4.571,4.374,0.95571,0.628,0.984136044979095,0.813,0.841,0.4084,0.30685,0.318697690963745,0.355,0.309,0.08786,0.08196,0.0710951760411263,0.053,0.045,0.21488,0.23897,0.293040901422501,0.238,0.252
Singapur,6.798,6.739,6.57200002670288,6.343,6.262,1.02,0.86758,1.35381436347961,1.451,1.463,0.54252,0.4877,0.549840569496155,0.631,0.556,0.4921,0.46987,0.46430778503418,0.457,0.453,0.31105,0.32706,0.345965981483459,0.261,0.271
Siria,3.006,3.069,3.46199989318848,3.462,3.462,0.47489,0.14866,0.396102607250214,0.382,0.378,0.15684,0.06912,0.0815394446253777,0.088,0.013,0.18906,0.17233,0.151347130537033,0.144,0.141,0.47179,0.48397,0.493663728237152,0.376,0.331
Somalia,5.681500011444086,5.44,5.15100002288818,4.982,4.668,0.3477056759643631,0.33613,0.721151351928711,0.712,0.698,0.5893434779930118,0.56778,0.602126955986023,0.674,0.559,0.31800516180992133,0.3118,0.282410323619843,0.282,0.27,0.2965656555891023,0.27225,0.291631311178207,0.238,0.243
Somaliland Region,5.368203410614338,5.057,4.197324,3.337648,2.4779720000000003,1.618296,0.75862,0.685156,0.6116919999999999,0.5382279999999999,0.46476399999999995,0.3913,0.38662799999999997,0.38195599999999996,0.377284,0.372612,0.36794,0.39731,0.42668,0.45604999999999996,0.48541999999999996,0.51479,0.51479,0.51479,0.51479
Somaliland region,5.057,4.235904000000001,3.4148080000000003,2.593712,1.7726160000000002,0.95152,0.85438,0.75724,0.6601,0.56296,0.46582,0.452512,0.43920400000000004,0.425896,0.412588,0.39928,0.42006,0.44084,0.46162,0.48239999999999994,0.50318,0.50318,0.50318,0.50318,0.50318
Sri Lanka,4.271,4.415,4.44000005722046,4.471,4.366,1.01905,0.84783,1.25997638702393,1.314,1.265,0.53726,0.50817,0.561213254928589,0.585,0.47,0.09179,0.07964,0.0736539661884308,0.05,0.047,0.40828,0.46978,0.490863561630249,0.307,0.244
Sudáfrica,4.642,4.459,4.8289999961853,4.724,4.722,1.18468,0.96053,1.38478863239288,1.41,1.351,0.33207,0.42483,0.479246735572815,0.516,0.389,0.08884,0.08415,0.0725094974040985,0.056,0.055,0.11973,0.13656,0.139362379908562,0.103,0.13
Sudán,3.9334999694823978,4.139,4.13899993896484,4.139,2.739492142429351,1.3399842848587014,0.81928,1.21400856971741,1.24,0.6065464638198134,-0.026907072360373263,0.0,0.0149958552792668,0.016,0.034811879998444255,0.05362375999688851,0.10039,0.089847519993782,0.082,0.10592436266064417,0.12984872532128833,0.18077,0.182317450642586,0.134,0.134
Sudán del Sur,4.201000040054282,3.832,3.59100008010864,3.254,2.853,0.19835156387330244,0.18519,0.601323127746582,0.608,0.575,0.2651512178730968,0.19662,0.147062435746193,0.112,0.01,0.14304675664901723,0.13015,0.116793513298035,0.106,0.091,0.30082540844917105,0.25899,0.285670816898346,0.224,0.202
Suecia,7.364,7.291,7.28399991989136,7.314,7.343,1.28907,1.08764,1.47816216945648,1.501,1.487,0.6598,0.58218,0.612924098968506,0.659,0.574,0.43844,0.40867,0.384398728609085,0.383,0.373,0.36262,0.38254,0.385399252176285,0.285,0.267
Suiza,7.587,7.509,7.49399995803833,7.487,7.48,1.34951,1.14524,1.51691174507141,1.549,1.526,0.66557,0.58557,0.620070576667786,0.66,0.572,0.41978,0.41203,0.367007285356522,0.357,0.343,0.29678,0.28083,0.290549278259277,0.256,0.263
Surinam,6.269,6.269,6.269,4.374440000000008,2.479880000000016,0.5853200000000243,0.3919800000000464,0.1986400000000117,0.28179666666667913,0.36495333333334656,0.448110000000014,0.373880000000014,0.29965000000001396,0.23893666666667576,0.17822333333333756,0.11750999999999934,0.10810000000000031,0.09869000000000128,0.12025666666666772,0.14182333333333416,0.1633900000000006,0.16013000000000055,0.1568700000000005,0.1568700000000005,0.1568700000000005
Swaziland,4.703249999999969,4.539499999999975,4.375749999999982,4.293874999999991,4.212,1.0918800000000033,1.1109200000000001,1.129960000000004,1.139480000000002,1.149,0.30818499999999993,0.30979,0.3113950000000001,0.3121975,0.313,0.056699999999999307,0.08279999999999887,0.10889999999999844,0.12194999999999923,0.135,0.15544249999999948,0.12829500000000138,0.10114750000000328,0.08757375000000164,0.074
Tailandia,6.455,6.474,6.42399978637695,6.072,6.008,1.26504,1.04477,1.42579245567322,1.417,1.409,0.55664,0.49553,0.580200731754303,0.637,0.557,0.03187,0.02833,0.0316127352416515,0.029,0.028,0.5763,0.58696,0.572123110294342,0.364,0.359
Taiwan,6.391000000000005,6.379,6.41,6.441,6.446,1.21710250000001,0.92624,1.18112,1.436,1.43,0.3725425,0.32377,0.370885,0.418,0.351,0.08064749999999954,0.0663,0.07214999999999999,0.078,0.097,0.22542749999999856,0.25495,0.20297500000000002,0.151,0.242
Taiwan Province of China,5.368203410614338,5.345218182999161,6.42199993133545,5.414513015747071,4.40702610015869,3.3995391845703105,2.3920522689819306,1.38456535339355,1.1799456000328026,0.9753258466720552,0.7707060933113079,0.5660863399505605,0.361466586589813,0.30193911641836146,0.24241164624690997,0.18288417607545843,0.12335670590400691,0.0638292357325554,0.10273548364639293,0.14164173156023047,0.18054797947406798,0.2194542273879055,0.258360475301743,0.258360475301743,0.258360475301743
Tanzania,3.781,3.666,3.34899997711182,3.303,3.231,1.00268,0.77623,1.04198980331421,0.991,0.885,0.32878,0.3176,0.390017777681351,0.481,0.417,0.05747,0.05099,0.0660351067781448,0.097,0.147,0.34377,0.31472,0.354256361722946,0.27,0.276
Tayikistán,4.786,4.996,5.04099988937378,5.199,5.467,0.85563,0.75602,1.27146327495575,1.166,1.098,0.47216,0.43408,0.471566706895828,0.292,0.389,0.15072,0.13509,0.146377146244049,0.034,0.144,0.22974,0.25998,0.248997643589973,0.187,0.23
Territorios Palestinos,4.715,4.754,4.77500009536743,4.743,4.696,0.92558,0.71629,1.15564715862274,1.217,1.247,0.24499,0.17744,0.25471106171608,0.266,0.225,0.12905,0.10613,0.0892826020717621,0.076,0.066,0.11251,0.11154,0.114173173904419,0.086,0.103
Togo,2.839,3.303,3.49499988555908,3.999,4.085,0.13995,0.0,0.431882530450821,0.474,0.572,0.36453,0.34678,0.38042613863945,0.434,0.293,0.10731,0.11587,0.0956650152802467,0.101,0.085,0.16681,0.17517,0.196896150708199,0.158,0.177
Trinidad & Tobago,6.192,6.192,6.192,6.192,6.192,1.5370000000000026,1.522000000000002,1.5070000000000014,1.492,1.477,0.8329999999999984,0.7470000000000141,0.6610000000000014,0.575,0.489,0.02800000000000047,0.025000000000000355,0.02200000000000024,0.019,0.016,0.12900000000000134,0.14300000000000068,0.15700000000000003,0.171,0.185
Trinidad y Tobago,6.168000295003253,6.168000405629472,6.16800022125244,4.571947267252605,2.97589431325277,1.3798413592529357,1.4781856189727876,1.3802285194397,1.0803048987494577,0.7803812780592153,0.48045765736897295,0.460353028882345,0.518630743026733,0.3485837469548646,0.1785367508829962,0.008489754811127792,0.007272162865300746,0.0089648161083459,0.1152716381087568,0.2215784601091677,0.32788528210957857,0.3313135129006701,0.325296461582184,0.325296461582184,0.325296461582184
Turkmenistán,5.548,5.658,5.82200002670288,5.636,5.247,1.22668,1.03817,1.49314916133881,1.533,1.538,0.4761,0.37408,0.41827192902565,0.417,0.394,0.30844,0.28467,0.259270340204239,0.037,0.028,0.16979,0.22567,0.24992498755455,0.199,0.244
Turquía,5.332,5.389,5.5,5.483,5.373,0.94632,0.87717,1.33775317668915,1.38,1.36,0.22815,0.23889,0.300740599632263,0.324,0.195,0.15746,0.12348,0.0996715798974037,0.109,0.106,0.12253,0.04707,0.0466930419206619,0.106,0.083
Túnez,4.739,5.045,4.80499982833862,4.592,4.461,0.60429,0.43165,0.868351459503174,0.906,1.0,0.26268,0.23553,0.289680689573288,0.271,0.167,0.06358,0.0817,0.0867231488227844,0.063,0.055,0.06431,0.03936,0.0496933571994305,0.04,0.059
Ucrania,4.681,4.324,4.09600019454956,4.103,4.332,1.20278,1.01413,1.39453756809235,1.413,1.39,0.25123,0.12859,0.122974775731564,0.163,0.178,0.02961,0.01829,0.0230294708162546,0.011,0.01,0.15275,0.20363,0.270061463117599,0.187,0.187
Uganda,3.931,3.739,4.08099985122681,4.161,4.189,1.13299,0.90981,1.12982773780823,1.09,1.069,0.45727,0.43653,0.443185955286026,0.45,0.356,0.07267,0.06442,0.057069718837738,0.061,0.06,0.29066,0.27102,0.325766056776047,0.259,0.252
Uruguay,6.485,6.545,6.4539999961853,6.379,6.293,1.2089,1.03143,1.41222786903381,1.459,1.465,0.60362,0.54388,0.57939225435257,0.625,0.523,0.24558,0.21394,0.178061872720718,0.155,0.15,0.2324,0.18056,0.175096929073334,0.13,0.127
Uzbekistán,6.003,5.987,5.97100019454956,6.096,6.174,1.34043,1.1681,1.54896914958954,1.584,1.529,0.65821,0.60848,0.658248662948608,0.724,0.631,0.30826,0.28333,0.246528223156929,0.259,0.24,0.22837,0.34326,0.415983647108078,0.328,0.322
Venezuela,6.81,6.084,5.25,4.806,4.707,1.25596,1.03302,1.43133759498596,1.469,1.427,0.42908,0.19847,0.153997123241425,0.133,0.154,0.11069,0.08304,0.0644911229610443,0.052,0.047,0.05841,0.0425,0.0650196298956871,0.056,0.064
Vietnam,5.36,5.061,5.07399988174438,5.103,5.175,0.91226,0.79117,1.27749133110046,1.365,1.346,0.59444,0.55954,0.571055591106415,0.618,0.543,0.10441,0.11556,0.0876332372426987,0.079,0.073,0.1686,0.25075,0.234968051314354,0.177,0.147
Yemen,4.077,3.724,3.59299993515015,3.355,3.38,0.68093,0.47493,0.93538224697113,1.073,1.163,0.35571,0.2287,0.249463722109795,0.244,0.143,0.07854,0.05892,0.0567674227058887,0.064,0.077,0.09131,0.09821,0.104125209152699,0.083,0.108
Yibuti,4.369,3.613614,2.858228,2.102842,1.3474560000000002,0.59207,0.565804,0.539538,0.513272,0.487006,0.46074,0.424802,0.388864,0.352926,0.31698800000000005,0.28105,0.26102600000000004,0.24100200000000002,0.220978,0.20095400000000002,0.18093,0.18093,0.18093,0.18093,0.18093
Zambia,5.129,4.795,4.51399993896484,4.377,4.107,0.91612,0.6376,1.00318729877472,1.047,1.058,0.48827,0.42662,0.461603492498398,0.503,0.431,0.12468,0.11479,0.0782135501503944,0.082,0.087,0.19591,0.17866,0.249580144882202,0.221,0.247
Zimbabue,4.61,4.193,3.875,3.692,3.663,1.03276,0.71478,1.08309590816498,1.094,1.114,0.25861,0.25429,0.336384207010269,0.406,0.361,0.08079,0.08582,0.0953753814101219,0.099,0.089,0.18987,0.18503,0.189143493771553,0.132,0.151
